fecha,Titulo,SubTitulo,valor
2020-01-01,Operaciones no reajustables en moneda nacional de menos de 90 días,Inferiores o iguales al equivalente de 5.000 unidades de fomento,214.0
2020-01-01,Operaciones no reajustables en moneda nacional de menos de 90 días,Superiores al equivalente de 5.000 unidades de fomento,454.0
2020-01-01,Operaciones no reajustables en moneda nacional 90 días o más,Inferiores o iguales al equivalente de 50 unidades de fomento,3154.0
2020-01-01,Operaciones no reajustables en moneda nacional 90 días o más,Inferiores o iguales al equivalente de 200 unidades de fomento y superiores al equivalente de 50 unidades de fomento,2313.0
2020-01-01,Operaciones no reajustables en moneda nacional 90 días o más,Inferiores o iguales al equivalente de 5.000 unidades de fomento y superiores al equivalente de 200 unidades de fomento,1296.0
2020-01-01,Operaciones no reajustables en moneda nacional 90 días o más,Inferiores o iguales al equivalente de 200 unidades de fomento,2579.0
2020-01-01,Operaciones reajustables en moneda nacional,Menores a un año,188.0
2020-01-01,Operaciones reajustables en moneda nacional,De un año o más. Inferiores o iguales al equivalente de 2000 unidades de fomento,258.0
2020-01-01,Operaciones reajustables en moneda nacional,De un año o más. Superiores al equivalente de 2000 unidades de fomento,222.0
2020-01-01,Operaciones expresadas en moneda extranjera,Inferiores o iguales al equivalente de 2.000 unidades de fomento,718.0
2020-01-01,Operaciones expresadas en moneda extranjera,Superiores al equivalente de 2.000 unidades de fomento,444.0
2020-01-01,Operaciones no reajustables en moneda nacional 90 días o más,Superiores al equivalente de 5.000 unidades de fomento,363.0
2020-02-01,Operaciones no reajustables en moneda nacional 90 días o más,Inferiores o iguales al equivalente de 200 unidades de fomento,2646.0
2020-02-01,Operaciones no reajustables en moneda nacional de menos de 90 días,Inferiores o iguales al equivalente de 5.000 unidades de fomento,217.0
2020-02-01,Operaciones no reajustables en moneda nacional de menos de 90 días,Superiores al equivalente de 5.000 unidades de fomento,408.0
2020-02-01,Operaciones no reajustables en moneda nacional 90 días o más,Inferiores o iguales al equivalente de 50 unidades de fomento,3189.0
2020-02-01,Operaciones no reajustables en moneda nacional 90 días o más,Inferiores o iguales al equivalente de 200 unidades de fomento y superiores al equivalente de 50 unidades de fomento,2374.0
2020-02-01,Operaciones expresadas en moneda extranjera,Superiores al equivalente de 2.000 unidades de fomento,43.0
2020-02-01,Operaciones no reajustables en moneda nacional 90 días o más,Superiores al equivalente de 5.000 unidades de fomento,42.0
2020-02-01,Operaciones reajustables en moneda nacional,Menores a un año,191.0
2020-02-01,Operaciones reajustables en moneda nacional,De un año o más. Inferiores o iguales al equivalente de 2000 unidades de fomento,278.0
2020-02-01,Operaciones reajustables en moneda nacional,De un año o más. Superiores al equivalente de 2000 unidades de fomento,247.0
2020-02-01,Operaciones expresadas en moneda extranjera,Inferiores o iguales al equivalente de 2.000 unidades de fomento,624.0
2020-02-01,Operaciones no reajustables en moneda nacional 90 días o más,Inferiores o iguales al equivalente de 5.000 unidades de fomento y superiores al equivalente de 200 unidades de fomento,1382.0
2020-03-01,Operaciones no reajustables en moneda nacional de menos de 90 días,Inferiores o iguales al equivalente de 5.000 unidades de fomento,2184.0
2020-03-01,Operaciones no reajustables en moneda nacional de menos de 90 días,Superiores al equivalente de 5.000 unidades de fomento,341.0
2020-03-01,Operaciones no reajustables en moneda nacional 90 días o más,Inferiores o iguales al equivalente de 50 unidades de fomento,3234.0
2020-03-01,Operaciones no reajustables en moneda nacional 90 días o más,Inferiores o iguales al equivalente de 200 unidades de fomento y superiores al equivalente de 50 unidades de fomento,2421.0
2020-03-01,Operaciones no reajustables en moneda nacional 90 días o más,Inferiores o iguales al equivalente de 5.000 unidades de fomento y superiores al equivalente de 200 unidades de fomento,1412.0
2020-03-01,Operaciones no reajustables en moneda nacional 90 días o más,Inferiores o iguales al equivalente de 200 unidades de fomento,2695.0
2020-03-01,Operaciones reajustables en moneda nacional,Menores a un año,186.0
2020-03-01,Operaciones reajustables en moneda nacional,De un año o más. Inferiores o iguales al equivalente de 2000 unidades de fomento,289.0
2020-03-01,Operaciones reajustables en moneda nacional,De un año o más. Superiores al equivalente de 2000 unidades de fomento,243.0
2020-03-01,Operaciones expresadas en moneda extranjera,Inferiores o iguales al equivalente de 2.000 unidades de fomento,634.0
2020-03-01,Operaciones expresadas en moneda extranjera,Superiores al equivalente de 2.000 unidades de fomento,484.0
2020-03-01,Operaciones no reajustables en moneda nacional 90 días o más,Superiores al equivalente de 5.000 unidades de fomento,442.0
2020-04-01,Operaciones no reajustables en moneda nacional de menos de 90 días,Inferiores o iguales al equivalente de 5.000 unidades de fomento,2264.0
2020-04-01,Operaciones no reajustables en moneda nacional de menos de 90 días,Superiores al equivalente de 5.000 unidades de fomento,397.0
2020-04-01,Operaciones no reajustables en moneda nacional 90 días o más,Inferiores o iguales al equivalente de 50 unidades de fomento,3275.0
2020-04-01,Operaciones no reajustables en moneda nacional 90 días o más,Inferiores o iguales al equivalente de 200 unidades de fomento y superiores al equivalente de 50 unidades de fomento,2484.0
2020-04-01,Operaciones no reajustables en moneda nacional 90 días o más,Inferiores o iguales al equivalente de 5.000 unidades de fomento y superiores al equivalente de 200 unidades de fomento,1456.0
2020-04-01,Operaciones no reajustables en moneda nacional 90 días o más,Inferiores o iguales al equivalente de 200 unidades de fomento,2752.0
2020-04-01,Operaciones reajustables en moneda nacional,Menores a un año,185.0
2020-04-01,Operaciones reajustables en moneda nacional,De un año o más. Inferiores o iguales al equivalente de 2000 unidades de fomento,306.0
2020-04-01,Operaciones reajustables en moneda nacional,De un año o más. Superiores al equivalente de 2000 unidades de fomento,263.0
2020-04-01,Operaciones expresadas en moneda extranjera,Inferiores o iguales al equivalente de 2.000 unidades de fomento,578.0
2020-04-01,Operaciones expresadas en moneda extranjera,Superiores al equivalente de 2.000 unidades de fomento,43.0
2020-04-01,Operaciones no reajustables en moneda nacional 90 días o más,Superiores al equivalente de 5.000 unidades de fomento,424.0
2020-05-01,Operaciones no reajustables en moneda nacional de menos de 90 días,Superiores al equivalente de 5.000 unidades de fomento,428.0
2020-05-01,Operaciones no reajustables en moneda nacional 90 días o más,Inferiores o iguales al equivalente de 50 unidades de fomento,3087.0
2020-05-01,Operaciones no reajustables en moneda nacional 90 días o más,Inferiores o iguales al equivalente de 200 unidades de fomento y superiores al equivalente de 50 unidades de fomento,2359.0
2020-05-01,Operaciones no reajustables en moneda nacional 90 días o más,Inferiores o iguales al equivalente de 5.000 unidades de fomento y superiores al equivalente de 200 unidades de fomento,1238.0
2020-05-01,Operaciones no reajustables en moneda nacional 90 días o más,Superiores al equivalente de 5.000 unidades de fomento,377.0
2020-05-01,Operaciones no reajustables en moneda nacional de menos de 90 días,Inferiores o iguales al equivalente de 5.000 unidades de fomento,2248.0
2020-05-01,Operaciones reajustables en moneda nacional,De un año o más. Inferiores o iguales al equivalente de 2000 unidades de fomento,277.0
2020-05-01,Operaciones reajustables en moneda nacional,De un año o más. Superiores al equivalente de 2000 unidades de fomento,29.0
2020-05-01,Operaciones expresadas en moneda extranjera,Inferiores o iguales al equivalente de 2.000 unidades de fomento,702.0
2020-05-01,Operaciones expresadas en moneda extranjera,Superiores al equivalente de 2.000 unidades de fomento,496.0
2020-05-01,Operaciones no reajustables en moneda nacional 90 días o más,Inferiores o iguales al equivalente de 200 unidades de fomento,2596.0
2020-05-01,Operaciones reajustables en moneda nacional,Menores a un año,221.0
2020-06-01,Operaciones no reajustables en moneda nacional de menos de 90 días,Inferiores o iguales al equivalente de 5.000 unidades de fomento,2352.0
2020-06-01,Operaciones no reajustables en moneda nacional de menos de 90 días,Superiores al equivalente de 5.000 unidades de fomento,424.0
2020-06-01,Operaciones no reajustables en moneda nacional 90 días o más,Inferiores o iguales al equivalente de 50 unidades de fomento,299.0
2020-06-01,Operaciones no reajustables en moneda nacional 90 días o más,Inferiores o iguales al equivalente de 200 unidades de fomento y superiores al equivalente de 50 unidades de fomento,2316.0
2020-06-01,Operaciones no reajustables en moneda nacional 90 días o más,Inferiores o iguales al equivalente de 5.000 unidades de fomento y superiores al equivalente de 200 unidades de fomento,1324.0
2020-06-01,Operaciones no reajustables en moneda nacional 90 días o más,Inferiores o iguales al equivalente de 200 unidades de fomento,2395.0
2020-06-01,Operaciones reajustables en moneda nacional,Menores a un año,244.0
2020-06-01,Operaciones reajustables en moneda nacional,De un año o más. Inferiores o iguales al equivalente de 2000 unidades de fomento,309.0
2020-06-01,Operaciones reajustables en moneda nacional,De un año o más. Superiores al equivalente de 2000 unidades de fomento,287.0
2020-06-01,Operaciones expresadas en moneda extranjera,Inferiores o iguales al equivalente de 2.000 unidades de fomento,69.0
2020-06-01,Operaciones expresadas en moneda extranjera,Superiores al equivalente de 2.000 unidades de fomento,412.0
2020-06-01,Operaciones no reajustables en moneda nacional 90 días o más,Superiores al equivalente de 5.000 unidades de fomento,388.0
2020-07-01,Operaciones no reajustables en moneda nacional 90 días o más,Inferiores o iguales al equivalente de 200 unidades de fomento,2475.0
2020-07-01,Operaciones no reajustables en moneda nacional de menos de 90 días,Inferiores o iguales al equivalente de 5.000 unidades de fomento,2376.0
2020-07-01,Operaciones no reajustables en moneda nacional de menos de 90 días,Superiores al equivalente de 5.000 unidades de fomento,428.0
2020-07-01,Operaciones no reajustables en moneda nacional 90 días o más,Inferiores o iguales al equivalente de 50 unidades de fomento,306.0
2020-07-01,Operaciones no reajustables en moneda nacional 90 días o más,Inferiores o iguales al equivalente de 200 unidades de fomento y superiores al equivalente de 50 unidades de fomento,2258.0
2020-07-01,Operaciones expresadas en moneda extranjera,Superiores al equivalente de 2.000 unidades de fomento,412.0
2020-07-01,Operaciones no reajustables en moneda nacional 90 días o más,Superiores al equivalente de 5.000 unidades de fomento,315.0
2020-07-01,Operaciones reajustables en moneda nacional,Menores a un año,233.0
2020-07-01,Operaciones reajustables en moneda nacional,De un año o más. Inferiores o iguales al equivalente de 2000 unidades de fomento,319.0
2020-07-01,Operaciones reajustables en moneda nacional,De un año o más. Superiores al equivalente de 2000 unidades de fomento,269.0
2020-07-01,Operaciones expresadas en moneda extranjera,Inferiores o iguales al equivalente de 2.000 unidades de fomento,654.0
2020-07-01,Operaciones no reajustables en moneda nacional 90 días o más,Inferiores o iguales al equivalente de 5.000 unidades de fomento y superiores al equivalente de 200 unidades de fomento,1256.0
2020-08-01,Operaciones no reajustables en moneda nacional de menos de 90 días,Inferiores o iguales al equivalente de 5.000 unidades de fomento,2336.0
2020-08-01,Operaciones no reajustables en moneda nacional de menos de 90 días,Superiores al equivalente de 5.000 unidades de fomento,454.0
2020-08-01,Operaciones no reajustables en moneda nacional 90 días o más,Inferiores o iguales al equivalente de 50 unidades de fomento,3069.0
2020-08-01,Operaciones no reajustables en moneda nacional 90 días o más,Inferiores o iguales al equivalente de 200 unidades de fomento y superiores al equivalente de 50 unidades de fomento,2292.0
2020-08-01,Operaciones no reajustables en moneda nacional 90 días o más,Inferiores o iguales al equivalente de 5.000 unidades de fomento y superiores al equivalente de 200 unidades de fomento,128.0
2020-08-01,Operaciones no reajustables en moneda nacional 90 días o más,Inferiores o iguales al equivalente de 200 unidades de fomento,2574.0
2020-08-01,Operaciones reajustables en moneda nacional,Menores a un año,24.0
2020-08-01,Operaciones reajustables en moneda nacional,De un año o más. Inferiores o iguales al equivalente de 2000 unidades de fomento,269.0
2020-08-01,Operaciones reajustables en moneda nacional,De un año o más. Superiores al equivalente de 2000 unidades de fomento,288.0
2020-08-01,Operaciones expresadas en moneda extranjera,Inferiores o iguales al equivalente de 2.000 unidades de fomento,63.0
2020-08-01,Operaciones expresadas en moneda extranjera,Superiores al equivalente de 2.000 unidades de fomento,369.0
2020-08-01,Operaciones no reajustables en moneda nacional 90 días o más,Superiores al equivalente de 5.000 unidades de fomento,297.0
2020-09-01,Operaciones no reajustables en moneda nacional de menos de 90 días,Superiores al equivalente de 5.000 unidades de fomento,397.0
2020-09-01,Operaciones no reajustables en moneda nacional 90 días o más,Inferiores o iguales al equivalente de 50 unidades de fomento,3018.0
2020-09-01,Operaciones no reajustables en moneda nacional 90 días o más,Inferiores o iguales al equivalente de 200 unidades de fomento y superiores al equivalente de 50 unidades de fomento,2321.0
2020-09-01,Operaciones no reajustables en moneda nacional 90 días o más,Inferiores o iguales al equivalente de 5.000 unidades de fomento y superiores al equivalente de 200 unidades de fomento,1278.0
2020-09-01,Operaciones no reajustables en moneda nacional 90 días o más,Superiores al equivalente de 5.000 unidades de fomento,266.0
2020-09-01,Operaciones no reajustables en moneda nacional de menos de 90 días,Inferiores o iguales al equivalente de 5.000 unidades de fomento,2242.0
2020-09-01,Operaciones reajustables en moneda nacional,De un año o más. Inferiores o iguales al equivalente de 2000 unidades de fomento,296.0
2020-09-01,Operaciones reajustables en moneda nacional,De un año o más. Superiores al equivalente de 2000 unidades de fomento,263.0
2020-09-01,Operaciones expresadas en moneda extranjera,Inferiores o iguales al equivalente de 2.000 unidades de fomento,6.0
2020-09-01,Operaciones expresadas en moneda extranjera,Superiores al equivalente de 2.000 unidades de fomento,4.0
2020-09-01,Operaciones no reajustables en moneda nacional 90 días o más,Inferiores o iguales al equivalente de 200 unidades de fomento,2585.0
2020-09-01,Operaciones reajustables en moneda nacional,Menores a un año,215.0
2020-10-01,Operaciones no reajustables en moneda nacional de menos de 90 días,Inferiores o iguales al equivalente de 5.000 unidades de fomento,2162.0
2020-10-01,Operaciones no reajustables en moneda nacional de menos de 90 días,Superiores al equivalente de 5.000 unidades de fomento,361.0
2020-10-01,Operaciones no reajustables en moneda nacional 90 días o más,Inferiores o iguales al equivalente de 50 unidades de fomento,3185.0
2020-10-01,Operaciones no reajustables en moneda nacional 90 días o más,Inferiores o iguales al equivalente de 200 unidades de fomento y superiores al equivalente de 50 unidades de fomento,2367.0
2020-10-01,Operaciones no reajustables en moneda nacional 90 días o más,Inferiores o iguales al equivalente de 5.000 unidades de fomento y superiores al equivalente de 200 unidades de fomento,131.0
2020-10-01,Operaciones no reajustables en moneda nacional 90 días o más,Inferiores o iguales al equivalente de 200 unidades de fomento,2655.0
2020-10-01,Operaciones reajustables en moneda nacional,Menores a un año,18.0
2020-10-01,Operaciones reajustables en moneda nacional,De un año o más. Inferiores o iguales al equivalente de 2000 unidades de fomento,286.0
2020-10-01,Operaciones reajustables en moneda nacional,De un año o más. Superiores al equivalente de 2000 unidades de fomento,24.0
2020-10-01,Operaciones expresadas en moneda extranjera,Inferiores o iguales al equivalente de 2.000 unidades de fomento,55.0
2020-10-01,Operaciones expresadas en moneda extranjera,Superiores al equivalente de 2.000 unidades de fomento,345.0
2020-10-01,Operaciones no reajustables en moneda nacional 90 días o más,Superiores al equivalente de 5.000 unidades de fomento,281.0
2020-11-01,Operaciones no reajustables en moneda nacional de menos de 90 días,Inferiores o iguales al equivalente de 5.000 unidades de fomento,1982.0
2020-11-01,Operaciones no reajustables en moneda nacional de menos de 90 días,Superiores al equivalente de 5.000 unidades de fomento,428.0
2020-11-01,Operaciones no reajustables en moneda nacional 90 días o más,Inferiores o iguales al equivalente de 50 unidades de fomento,3166.0
2020-11-01,Operaciones no reajustables en moneda nacional 90 días o más,Inferiores o iguales al equivalente de 200 unidades de fomento y superiores al equivalente de 50 unidades de fomento,2353.0
2020-11-01,Operaciones no reajustables en moneda nacional 90 días o más,Inferiores o iguales al equivalente de 5.000 unidades de fomento y superiores al equivalente de 200 unidades de fomento,1308.0
2020-11-01,Operaciones no reajustables en moneda nacional 90 días o más,Inferiores o iguales al equivalente de 200 unidades de fomento,2641.0
2020-11-01,Operaciones reajustables en moneda nacional,Menores a un año,214.0
2020-11-01,Operaciones reajustables en moneda nacional,De un año o más. Inferiores o iguales al equivalente de 2000 unidades de fomento,281.0
2020-11-01,Operaciones reajustables en moneda nacional,De un año o más. Superiores al equivalente de 2000 unidades de fomento,224.0
2020-11-01,Operaciones expresadas en moneda extranjera,Inferiores o iguales al equivalente de 2.000 unidades de fomento,62.0
2020-11-01,Operaciones expresadas en moneda extranjera,Superiores al equivalente de 2.000 unidades de fomento,32.0
2020-11-01,Operaciones no reajustables en moneda nacional 90 días o más,Superiores al equivalente de 5.000 unidades de fomento,27.0
2020-12-01,Operaciones no reajustables en moneda nacional de menos de 90 días,Inferiores o iguales al equivalente de 5.000 unidades de fomento,1946.0
2020-12-01,Operaciones no reajustables en moneda nacional de menos de 90 días,Superiores al equivalente de 5.000 unidades de fomento,406.0
2020-12-01,Operaciones no reajustables en moneda nacional 90 días o más,Inferiores o iguales al equivalente de 50 unidades de fomento,3187.0
2020-12-01,Operaciones no reajustables en moneda nacional 90 días o más,Inferiores o iguales al equivalente de 200 unidades de fomento y superiores al equivalente de 50 unidades de fomento,236.0
2020-12-01,Operaciones no reajustables en moneda nacional 90 días o más,Inferiores o iguales al equivalente de 5.000 unidades de fomento y superiores al equivalente de 200 unidades de fomento,1306.0
2020-12-01,Operaciones no reajustables en moneda nacional 90 días o más,Inferiores o iguales al equivalente de 200 unidades de fomento,2654.0
2020-12-01,Operaciones reajustables en moneda nacional,Menores a un año,207.0
2020-12-01,Operaciones reajustables en moneda nacional,De un año o más. Inferiores o iguales al equivalente de 2000 unidades de fomento,266.0
2020-12-01,Operaciones reajustables en moneda nacional,De un año o más. Superiores al equivalente de 2000 unidades de fomento,24.0
2020-12-01,Operaciones expresadas en moneda extranjera,Inferiores o iguales al equivalente de 2.000 unidades de fomento,552.0
2020-12-01,Operaciones expresadas en moneda extranjera,Superiores al equivalente de 2.000 unidades de fomento,302.0
2020-12-01,Operaciones no reajustables en moneda nacional 90 días o más,Superiores al equivalente de 5.000 unidades de fomento,307.0
2021-01-01,Operaciones no reajustables en moneda nacional de menos de 90 días,Inferiores o iguales al equivalente de 5.000 unidades de fomento,1916.0
2021-01-01,Operaciones no reajustables en moneda nacional de menos de 90 días,Superiores al equivalente de 5.000 unidades de fomento,334.0
2021-01-01,Operaciones no reajustables en moneda nacional 90 días o más,Inferiores o iguales al equivalente de 50 unidades de fomento,3214.0
2021-01-01,Operaciones no reajustables en moneda nacional 90 días o más,Inferiores o iguales al equivalente de 200 unidades de fomento y superiores al equivalente de 50 unidades de fomento,2424.0
2021-01-01,Operaciones no reajustables en moneda nacional 90 días o más,Inferiores o iguales al equivalente de 5.000 unidades de fomento y superiores al equivalente de 200 unidades de fomento,1328.0
2021-01-01,Operaciones no reajustables en moneda nacional 90 días o más,Inferiores o iguales al equivalente de 200 unidades de fomento,2715.0
2021-01-01,Operaciones reajustables en moneda nacional,Menores a un año,2.0
2021-01-01,Operaciones reajustables en moneda nacional,De un año o más. Inferiores o iguales al equivalente de 2000 unidades de fomento,26.0
2021-01-01,Operaciones reajustables en moneda nacional,De un año o más. Superiores al equivalente de 2000 unidades de fomento,251.0
2021-01-01,Operaciones expresadas en moneda extranjera,Inferiores o iguales al equivalente de 2.000 unidades de fomento,552.0
2021-01-01,Operaciones expresadas en moneda extranjera,Superiores al equivalente de 2.000 unidades de fomento,27.0
2021-01-01,Operaciones no reajustables en moneda nacional 90 días o más,Superiores al equivalente de 5.000 unidades de fomento,281.0
2021-02-01,Operaciones no reajustables en moneda nacional de menos de 90 días,Inferiores o iguales al equivalente de 5.000 unidades de fomento,1968.0
2021-02-01,Operaciones no reajustables en moneda nacional de menos de 90 días,Superiores al equivalente de 5.000 unidades de fomento,343.0
2021-02-01,Operaciones no reajustables en moneda nacional 90 días o más,Inferiores o iguales al equivalente de 50 unidades de fomento,3211.0
2021-02-01,Operaciones no reajustables en moneda nacional 90 días o más,Inferiores o iguales al equivalente de 200 unidades de fomento y superiores al equivalente de 50 unidades de fomento,2409.0
2021-02-01,Operaciones no reajustables en moneda nacional 90 días o más,Inferiores o iguales al equivalente de 5.000 unidades de fomento y superiores al equivalente de 200 unidades de fomento,1346.0
2021-02-01,Operaciones no reajustables en moneda nacional 90 días o más,Inferiores o iguales al equivalente de 200 unidades de fomento,2687.0
2021-02-01,Operaciones reajustables en moneda nacional,Menores a un año,189.0
2021-02-01,Operaciones reajustables en moneda nacional,De un año o más. Inferiores o iguales al equivalente de 2000 unidades de fomento,258.0
2021-02-01,Operaciones reajustables en moneda nacional,De un año o más. Superiores al equivalente de 2000 unidades de fomento,232.0
2021-02-01,Operaciones expresadas en moneda extranjera,Inferiores o iguales al equivalente de 2.000 unidades de fomento,538.0
2021-02-01,Operaciones expresadas en moneda extranjera,Superiores al equivalente de 2.000 unidades de fomento,262.0
2021-02-01,Operaciones no reajustables en moneda nacional 90 días o más,Superiores al equivalente de 5.000 unidades de fomento,299.0
2021-03-01,Operaciones no reajustables en moneda nacional de menos de 90 días,Inferiores o iguales al equivalente de 5.000 unidades de fomento,188.0
2021-03-01,Operaciones no reajustables en moneda nacional de menos de 90 días,Superiores al equivalente de 5.000 unidades de fomento,391.0
2021-03-01,Operaciones no reajustables en moneda nacional 90 días o más,Inferiores o iguales al equivalente de 50 unidades de fomento,3222.0
2021-03-01,Operaciones no reajustables en moneda nacional 90 días o más,Inferiores o iguales al equivalente de 200 unidades de fomento y superiores al equivalente de 50 unidades de fomento,2422.0
2021-03-01,Operaciones no reajustables en moneda nacional 90 días o más,Inferiores o iguales al equivalente de 5.000 unidades de fomento y superiores al equivalente de 200 unidades de fomento,1354.0
2021-03-01,Operaciones no reajustables en moneda nacional 90 días o más,Inferiores o iguales al equivalente de 200 unidades de fomento,2704.0
2021-03-01,Operaciones reajustables en moneda nacional,Menores a un año,208.0
2021-03-01,Operaciones reajustables en moneda nacional,De un año o más. Inferiores o iguales al equivalente de 2000 unidades de fomento,255.0
2021-03-01,Operaciones reajustables en moneda nacional,De un año o más. Superiores al equivalente de 2000 unidades de fomento,235.0
2021-03-01,Operaciones expresadas en moneda extranjera,Inferiores o iguales al equivalente de 2.000 unidades de fomento,582.0
2021-03-01,Operaciones expresadas en moneda extranjera,Superiores al equivalente de 2.000 unidades de fomento,271.0
2021-03-01,Operaciones no reajustables en moneda nacional 90 días o más,Superiores al equivalente de 5.000 unidades de fomento,319.0
2021-04-01,Operaciones no reajustables en moneda nacional de menos de 90 días,Inferiores o iguales al equivalente de 5.000 unidades de fomento,1891.0
2021-04-01,Operaciones no reajustables en moneda nacional de menos de 90 días,Superiores al equivalente de 5.000 unidades de fomento,328.0
2021-04-01,Operaciones no reajustables en moneda nacional 90 días o más,Inferiores o iguales al equivalente de 50 unidades de fomento,3234.0
2021-04-01,Operaciones no reajustables en moneda nacional 90 días o más,Inferiores o iguales al equivalente de 200 unidades de fomento y superiores al equivalente de 50 unidades de fomento,2395.0
2021-04-01,Operaciones no reajustables en moneda nacional 90 días o más,Inferiores o iguales al equivalente de 5.000 unidades de fomento y superiores al equivalente de 200 unidades de fomento,1226.0
2021-04-01,Operaciones no reajustables en moneda nacional 90 días o más,Inferiores o iguales al equivalente de 200 unidades de fomento,269.0
2021-04-01,Operaciones reajustables en moneda nacional,Menores a un año,21.0
2021-04-01,Operaciones reajustables en moneda nacional,De un año o más. Inferiores o iguales al equivalente de 2000 unidades de fomento,254.0
2021-04-01,Operaciones reajustables en moneda nacional,De un año o más. Superiores al equivalente de 2000 unidades de fomento,229.0
2021-04-01,Operaciones expresadas en moneda extranjera,Inferiores o iguales al equivalente de 2.000 unidades de fomento,543.0
2021-04-01,Operaciones expresadas en moneda extranjera,Superiores al equivalente de 2.000 unidades de fomento,286.0
2021-04-01,Operaciones no reajustables en moneda nacional 90 días o más,Superiores al equivalente de 5.000 unidades de fomento,292.0
2021-05-01,Operaciones no reajustables en moneda nacional de menos de 90 días,Inferiores o iguales al equivalente de 5.000 unidades de fomento,194.0
2021-05-01,Operaciones no reajustables en moneda nacional de menos de 90 días,Superiores al equivalente de 5.000 unidades de fomento,328.0
2021-05-01,Operaciones no reajustables en moneda nacional 90 días o más,Inferiores o iguales al equivalente de 50 unidades de fomento,3205.0
2021-05-01,Operaciones no reajustables en moneda nacional 90 días o más,Inferiores o iguales al equivalente de 200 unidades de fomento y superiores al equivalente de 50 unidades de fomento,2398.0
2021-05-01,Operaciones no reajustables en moneda nacional 90 días o más,Inferiores o iguales al equivalente de 5.000 unidades de fomento y superiores al equivalente de 200 unidades de fomento,1268.0
2021-05-01,Operaciones no reajustables en moneda nacional 90 días o más,Inferiores o iguales al equivalente de 200 unidades de fomento,2688.0
2021-05-01,Operaciones reajustables en moneda nacional,Menores a un año,201.0
2021-05-01,Operaciones reajustables en moneda nacional,De un año o más. Inferiores o iguales al equivalente de 2000 unidades de fomento,259.0
2021-05-01,Operaciones reajustables en moneda nacional,De un año o más. Superiores al equivalente de 2000 unidades de fomento,234.0
2021-05-01,Operaciones expresadas en moneda extranjera,Inferiores o iguales al equivalente de 2.000 unidades de fomento,528.0
2021-05-01,Operaciones expresadas en moneda extranjera,Superiores al equivalente de 2.000 unidades de fomento,251.0
2021-05-01,Operaciones no reajustables en moneda nacional 90 días o más,Superiores al equivalente de 5.000 unidades de fomento,269.0
2021-06-01,Operaciones no reajustables en moneda nacional de menos de 90 días,Inferiores o iguales al equivalente de 5.000 unidades de fomento,1992.0
2021-06-01,Operaciones no reajustables en moneda nacional de menos de 90 días,Superiores al equivalente de 5.000 unidades de fomento,326.0
2021-06-01,Operaciones no reajustables en moneda nacional 90 días o más,Inferiores o iguales al equivalente de 50 unidades de fomento,3185.0
2021-06-01,Operaciones no reajustables en moneda nacional 90 días o más,Inferiores o iguales al equivalente de 200 unidades de fomento y superiores al equivalente de 50 unidades de fomento,2383.0
2021-06-01,Operaciones no reajustables en moneda nacional 90 días o más,Inferiores o iguales al equivalente de 5.000 unidades de fomento y superiores al equivalente de 200 unidades de fomento,1256.0
2021-06-01,Operaciones no reajustables en moneda nacional 90 días o más,Inferiores o iguales al equivalente de 200 unidades de fomento,2671.0
2021-06-01,Operaciones reajustables en moneda nacional,Menores a un año,204.0
2021-06-01,Operaciones reajustables en moneda nacional,De un año o más. Inferiores o iguales al equivalente de 2000 unidades de fomento,268.0
2021-06-01,Operaciones reajustables en moneda nacional,De un año o más. Superiores al equivalente de 2000 unidades de fomento,241.0
2021-06-01,Operaciones expresadas en moneda extranjera,Inferiores o iguales al equivalente de 2.000 unidades de fomento,56.0
2021-06-01,Operaciones expresadas en moneda extranjera,Superiores al equivalente de 2.000 unidades de fomento,275.0
2021-06-01,Operaciones no reajustables en moneda nacional 90 días o más,Superiores al equivalente de 5.000 unidades de fomento,309.0
2021-07-01,Operaciones no reajustables en moneda nacional de menos de 90 días,Superiores al equivalente de 5.000 unidades de fomento,361.0
2021-07-01,Operaciones no reajustables en moneda nacional 90 días o más,Inferiores o iguales al equivalente de 50 unidades de fomento,3193.0
2021-07-01,Operaciones no reajustables en moneda nacional 90 días o más,Inferiores o iguales al equivalente de 200 unidades de fomento y superiores al equivalente de 50 unidades de fomento,2385.0
2021-07-01,Operaciones no reajustables en moneda nacional 90 días o más,Inferiores o iguales al equivalente de 5.000 unidades de fomento y superiores al equivalente de 200 unidades de fomento,1248.0
2021-07-01,Operaciones no reajustables en moneda nacional 90 días o más,Superiores al equivalente de 5.000 unidades de fomento,289.0
2021-07-01,Operaciones no reajustables en moneda nacional de menos de 90 días,Inferiores o iguales al equivalente de 5.000 unidades de fomento,1982.0
2021-07-01,Operaciones reajustables en moneda nacional,De un año o más. Inferiores o iguales al equivalente de 2000 unidades de fomento,286.0
2021-07-01,Operaciones reajustables en moneda nacional,De un año o más. Superiores al equivalente de 2000 unidades de fomento,24.0
2021-07-01,Operaciones expresadas en moneda extranjera,Inferiores o iguales al equivalente de 2.000 unidades de fomento,492.0
2021-07-01,Operaciones expresadas en moneda extranjera,Superiores al equivalente de 2.000 unidades de fomento,234.0
2021-07-01,Operaciones no reajustables en moneda nacional 90 días o más,Inferiores o iguales al equivalente de 200 unidades de fomento,2688.0
2021-07-01,Operaciones reajustables en moneda nacional,Menores a un año,217.0
2021-08-01,Operaciones no reajustables en moneda nacional de menos de 90 días,Inferiores o iguales al equivalente de 5.000 unidades de fomento,21.0
2021-08-01,Operaciones no reajustables en moneda nacional de menos de 90 días,Superiores al equivalente de 5.000 unidades de fomento,362.0
2021-08-01,Operaciones no reajustables en moneda nacional 90 días o más,Inferiores o iguales al equivalente de 50 unidades de fomento,3191.0
2021-08-01,Operaciones no reajustables en moneda nacional 90 días o más,Inferiores o iguales al equivalente de 200 unidades de fomento y superiores al equivalente de 50 unidades de fomento,2386.0
2021-08-01,Operaciones no reajustables en moneda nacional 90 días o más,Inferiores o iguales al equivalente de 5.000 unidades de fomento y superiores al equivalente de 200 unidades de fomento,1298.0
2021-08-01,Operaciones no reajustables en moneda nacional 90 días o más,Inferiores o iguales al equivalente de 200 unidades de fomento,2679.0
2021-08-01,Operaciones reajustables en moneda nacional,Menores a un año,206.0
2021-08-01,Operaciones reajustables en moneda nacional,De un año o más. Inferiores o iguales al equivalente de 2000 unidades de fomento,32.0
2021-08-01,Operaciones reajustables en moneda nacional,De un año o más. Superiores al equivalente de 2000 unidades de fomento,283.0
2021-08-01,Operaciones expresadas en moneda extranjera,Inferiores o iguales al equivalente de 2.000 unidades de fomento,524.0
2021-08-01,Operaciones expresadas en moneda extranjera,Superiores al equivalente de 2.000 unidades de fomento,225.0
2021-08-01,Operaciones no reajustables en moneda nacional 90 días o más,Superiores al equivalente de 5.000 unidades de fomento,302.0
2021-09-01,Operaciones no reajustables en moneda nacional de menos de 90 días,Superiores al equivalente de 5.000 unidades de fomento,381.0
2021-09-01,Operaciones no reajustables en moneda nacional 90 días o más,Inferiores o iguales al equivalente de 50 unidades de fomento,3219.0
2021-09-01,Operaciones no reajustables en moneda nacional 90 días o más,Inferiores o iguales al equivalente de 200 unidades de fomento y superiores al equivalente de 50 unidades de fomento,239.0
2021-09-01,Operaciones no reajustables en moneda nacional 90 días o más,Inferiores o iguales al equivalente de 5.000 unidades de fomento y superiores al equivalente de 200 unidades de fomento,1294.0
2021-09-01,Operaciones no reajustables en moneda nacional 90 días o más,Superiores al equivalente de 5.000 unidades de fomento,379.0
2021-09-01,Operaciones no reajustables en moneda nacional de menos de 90 días,Inferiores o iguales al equivalente de 5.000 unidades de fomento,2184.0
2021-09-01,Operaciones reajustables en moneda nacional,De un año o más. Inferiores o iguales al equivalente de 2000 unidades de fomento,349.0
2021-09-01,Operaciones reajustables en moneda nacional,De un año o más. Superiores al equivalente de 2000 unidades de fomento,308.0
2021-09-01,Operaciones expresadas en moneda extranjera,Inferiores o iguales al equivalente de 2.000 unidades de fomento,498.0
2021-09-01,Operaciones expresadas en moneda extranjera,Superiores al equivalente de 2.000 unidades de fomento,242.0
2021-09-01,Operaciones no reajustables en moneda nacional 90 días o más,Inferiores o iguales al equivalente de 200 unidades de fomento,2693.0
2021-09-01,Operaciones reajustables en moneda nacional,Menores a un año,226.0
2021-10-01,Operaciones no reajustables en moneda nacional 90 días o más,Superiores al equivalente de 5.000 unidades de fomento,398.0
2021-10-01,Operaciones no reajustables en moneda nacional de menos de 90 días,Superiores al equivalente de 5.000 unidades de fomento,456.0
2021-10-01,Operaciones no reajustables en moneda nacional 90 días o más,Inferiores o iguales al equivalente de 50 unidades de fomento,3255.0
2021-10-01,Operaciones no reajustables en moneda nacional 90 días o más,Inferiores o iguales al equivalente de 200 unidades de fomento y superiores al equivalente de 50 unidades de fomento,245.0
2021-10-01,Operaciones no reajustables en moneda nacional 90 días o más,Inferiores o iguales al equivalente de 5.000 unidades de fomento y superiores al equivalente de 200 unidades de fomento,139.0
2021-10-01,Operaciones no reajustables en moneda nacional 90 días o más,Superiores al equivalente de 5.000 unidades de fomento,648.0
2021-10-01,Operaciones no reajustables en moneda nacional de menos de 90 días,Inferiores o iguales al equivalente de 5.000 unidades de fomento,239.0
2021-10-01,Operaciones reajustables en moneda nacional,De un año o más. Inferiores o iguales al equivalente de 2000 unidades de fomento,378.0
2021-10-01,Operaciones reajustables en moneda nacional,De un año o más. Superiores al equivalente de 2000 unidades de fomento,335.0
2021-10-01,Operaciones expresadas en moneda extranjera,Inferiores o iguales al equivalente de 2.000 unidades de fomento,554.0
2021-10-01,Operaciones expresadas en moneda extranjera,Superiores al equivalente de 2.000 unidades de fomento,207.0
2021-10-01,Operaciones no reajustables en moneda nacional 90 días o más,Inferiores o iguales al equivalente de 200 unidades de fomento,2762.0
2021-10-01,Operaciones reajustables en moneda nacional,Menores a un año,232.0
2021-11-01,Operaciones no reajustables en moneda nacional de menos de 90 días,Superiores al equivalente de 5.000 unidades de fomento,552.0
2021-11-01,Operaciones no reajustables en moneda nacional de menos de 90 días,Inferiores o iguales al equivalente de 5.000 unidades de fomento,2636.0
2021-11-01,Operaciones no reajustables en moneda nacional 90 días o más,Inferiores o iguales al equivalente de 50 unidades de fomento,3298.0
2021-11-01,Operaciones no reajustables en moneda nacional 90 días o más,Inferiores o iguales al equivalente de 200 unidades de fomento y superiores al equivalente de 50 unidades de fomento,2492.0
2021-11-01,Operaciones no reajustables en moneda nacional 90 días o más,Inferiores o iguales al equivalente de 5.000 unidades de fomento y superiores al equivalente de 200 unidades de fomento,1484.0
2021-11-01,Operaciones no reajustables en moneda nacional 90 días o más,Inferiores o iguales al equivalente de 200 unidades de fomento,2813.0
2021-11-01,Operaciones reajustables en moneda nacional,Menores a un año,216.0
2021-11-01,Operaciones reajustables en moneda nacional,De un año o más. Inferiores o iguales al equivalente de 2000 unidades de fomento,416.0
2021-11-01,Operaciones reajustables en moneda nacional,De un año o más. Superiores al equivalente de 2000 unidades de fomento,357.0
2021-11-01,Operaciones expresadas en moneda extranjera,Inferiores o iguales al equivalente de 2.000 unidades de fomento,538.0
2021-11-01,Operaciones expresadas en moneda extranjera,Superiores al equivalente de 2.000 unidades de fomento,215.0
2021-11-01,Operaciones no reajustables en moneda nacional 90 días o más,Superiores al equivalente de 5.000 unidades de fomento,52.0
2021-12-01,Operaciones no reajustables en moneda nacional de menos de 90 días,Superiores al equivalente de 5.000 unidades de fomento,602.0
2021-12-01,Operaciones no reajustables en moneda nacional 90 días o más,Inferiores o iguales al equivalente de 50 unidades de fomento,3368.0
2021-12-01,Operaciones no reajustables en moneda nacional 90 días o más,Inferiores o iguales al equivalente de 200 unidades de fomento y superiores al equivalente de 50 unidades de fomento,2563.0
2021-12-01,Operaciones no reajustables en moneda nacional 90 días o más,Inferiores o iguales al equivalente de 5.000 unidades de fomento y superiores al equivalente de 200 unidades de fomento,1574.0
2021-12-01,Operaciones no reajustables en moneda nacional 90 días o más,Superiores al equivalente de 5.000 unidades de fomento,632.0
2021-12-01,Operaciones no reajustables en moneda nacional de menos de 90 días,Inferiores o iguales al equivalente de 5.000 unidades de fomento,2916.0
2021-12-01,Operaciones reajustables en moneda nacional,De un año o más. Inferiores o iguales al equivalente de 2000 unidades de fomento,454.0
2021-12-01,Operaciones reajustables en moneda nacional,De un año o más. Superiores al equivalente de 2000 unidades de fomento,344.0
2021-12-01,Operaciones expresadas en moneda extranjera,Inferiores o iguales al equivalente de 2.000 unidades de fomento,549.0
2021-12-01,Operaciones expresadas en moneda extranjera,Superiores al equivalente de 2.000 unidades de fomento,261.0
2021-12-01,Operaciones no reajustables en moneda nacional 90 días o más,Inferiores o iguales al equivalente de 200 unidades de fomento,288.0
2021-12-01,Operaciones reajustables en moneda nacional,Menores a un año,23.0
2022-01-01,Operaciones no reajustables en moneda nacional 90 días o más,Inferiores o iguales al equivalente de 200 unidades de fomento y superiores al equivalente de 50 unidades de fomento,2625.0
2022-01-01,Operaciones no reajustables en moneda nacional 90 días o más,Inferiores o iguales al equivalente de 5.000 unidades de fomento y superiores al equivalente de 200 unidades de fomento,1666.0
2022-01-01,Operaciones no reajustables en moneda nacional 90 días o más,Superiores al equivalente de 5.000 unidades de fomento,667.0
2022-01-01,Operaciones reajustables en moneda nacional,Menores a un año,24.0
2022-01-01,Operaciones reajustables en moneda nacional,De un año o más. Inferiores o iguales al equivalente de 2000 unidades de fomento,46.0
2022-01-01,Operaciones no reajustables en moneda nacional 90 días o más,Inferiores o iguales al equivalente de 50 unidades de fomento,3283.0
2022-01-01,Operaciones expresadas en moneda extranjera,Inferiores o iguales al equivalente de 2.000 unidades de fomento,504.0
2022-01-01,Operaciones expresadas en moneda extranjera,Superiores al equivalente de 2.000 unidades de fomento,247.0
2022-01-01,Operaciones no reajustables en moneda nacional 90 días o más,Inferiores o iguales al equivalente de 200 unidades de fomento,295.0
2022-01-01,Operaciones no reajustables en moneda nacional de menos de 90 días,Inferiores o iguales al equivalente de 5.000 unidades de fomento,2954.0
2022-01-01,Operaciones no reajustables en moneda nacional de menos de 90 días,Superiores al equivalente de 5.000 unidades de fomento,648.0
2022-01-01,Operaciones reajustables en moneda nacional,De un año o más. Superiores al equivalente de 2000 unidades de fomento,402.0
2022-02-01,Operaciones no reajustables en moneda nacional de menos de 90 días,Inferiores o iguales al equivalente de 5.000 unidades de fomento,3388.0
2022-02-01,Operaciones no reajustables en moneda nacional de menos de 90 días,Superiores al equivalente de 5.000 unidades de fomento,686.0
2022-02-01,Operaciones no reajustables en moneda nacional 90 días o más,Inferiores o iguales al equivalente de 50 unidades de fomento,3516.0
2022-02-01,Operaciones no reajustables en moneda nacional 90 días o más,Inferiores o iguales al equivalente de 200 unidades de fomento y superiores al equivalente de 50 unidades de fomento,2685.0
2022-02-01,Operaciones no reajustables en moneda nacional 90 días o más,Inferiores o iguales al equivalente de 5.000 unidades de fomento y superiores al equivalente de 200 unidades de fomento,1742.0
2022-02-01,Operaciones no reajustables en moneda nacional 90 días o más,Inferiores o iguales al equivalente de 200 unidades de fomento,3009.0
2022-02-01,Operaciones reajustables en moneda nacional,Menores a un año,253.0
2022-02-01,Operaciones reajustables en moneda nacional,De un año o más. Inferiores o iguales al equivalente de 2000 unidades de fomento,464.0
2022-02-01,Operaciones reajustables en moneda nacional,De un año o más. Superiores al equivalente de 2000 unidades de fomento,412.0
2022-02-01,Operaciones expresadas en moneda extranjera,Inferiores o iguales al equivalente de 2.000 unidades de fomento,552.0
2022-02-01,Operaciones expresadas en moneda extranjera,Superiores al equivalente de 2.000 unidades de fomento,252.0
2022-02-01,Operaciones no reajustables en moneda nacional 90 días o más,Superiores al equivalente de 5.000 unidades de fomento,718.0
2022-03-01,Operaciones no reajustables en moneda nacional de menos de 90 días,Inferiores o iguales al equivalente de 5.000 unidades de fomento,3212.0
2022-03-01,Operaciones no reajustables en moneda nacional de menos de 90 días,Superiores al equivalente de 5.000 unidades de fomento,82.0
2022-03-01,Operaciones no reajustables en moneda nacional 90 días o más,Inferiores o iguales al equivalente de 50 unidades de fomento,3587.0
2022-03-01,Operaciones no reajustables en moneda nacional 90 días o más,Inferiores o iguales al equivalente de 200 unidades de fomento y superiores al equivalente de 50 unidades de fomento,2746.0
2022-03-01,Operaciones no reajustables en moneda nacional 90 días o más,Inferiores o iguales al equivalente de 5.000 unidades de fomento y superiores al equivalente de 200 unidades de fomento,1816.0
2022-03-01,Operaciones no reajustables en moneda nacional 90 días o más,Inferiores o iguales al equivalente de 200 unidades de fomento,3075.0
2022-03-01,Operaciones reajustables en moneda nacional,Menores a un año,301.0
2022-03-01,Operaciones reajustables en moneda nacional,De un año o más. Inferiores o iguales al equivalente de 2000 unidades de fomento,476.0
2022-03-01,Operaciones reajustables en moneda nacional,De un año o más. Superiores al equivalente de 2000 unidades de fomento,43.0
2022-03-01,Operaciones expresadas en moneda extranjera,Inferiores o iguales al equivalente de 2.000 unidades de fomento,584.0
2022-03-01,Operaciones expresadas en moneda extranjera,Superiores al equivalente de 2.000 unidades de fomento,242.0
2022-03-01,Operaciones no reajustables en moneda nacional 90 días o más,Superiores al equivalente de 5.000 unidades de fomento,828.0
2022-04-01,Operaciones no reajustables en moneda nacional de menos de 90 días,Inferiores o iguales al equivalente de 5.000 unidades de fomento,3406.0
2022-04-01,Operaciones no reajustables en moneda nacional de menos de 90 días,Superiores al equivalente de 5.000 unidades de fomento,902.0
2022-04-01,Operaciones no reajustables en moneda nacional 90 días o más,Inferiores o iguales al equivalente de 50 unidades de fomento,3647.0
2022-04-01,Operaciones no reajustables en moneda nacional 90 días o más,Inferiores o iguales al equivalente de 200 unidades de fomento y superiores al equivalente de 50 unidades de fomento,2771.0
2022-04-01,Operaciones no reajustables en moneda nacional 90 días o más,Inferiores o iguales al equivalente de 5.000 unidades de fomento y superiores al equivalente de 200 unidades de fomento,1816.0
2022-04-01,Operaciones no reajustables en moneda nacional 90 días o más,Inferiores o iguales al equivalente de 200 unidades de fomento,3108.0
2022-04-01,Operaciones reajustables en moneda nacional,Menores a un año,268.0
2022-04-01,Operaciones reajustables en moneda nacional,De un año o más. Inferiores o iguales al equivalente de 2000 unidades de fomento,476.0
2022-04-01,Operaciones reajustables en moneda nacional,De un año o más. Superiores al equivalente de 2000 unidades de fomento,381.0
2022-04-01,Operaciones expresadas en moneda extranjera,Inferiores o iguales al equivalente de 2.000 unidades de fomento,626.0
2022-04-01,Operaciones expresadas en moneda extranjera,Superiores al equivalente de 2.000 unidades de fomento,303.0
2022-04-01,Operaciones no reajustables en moneda nacional 90 días o más,Superiores al equivalente de 5.000 unidades de fomento,935.0
2022-05-01,Operaciones no reajustables en moneda nacional 90 días o más,Inferiores o iguales al equivalente de 200 unidades de fomento,3158.0
2022-05-01,Operaciones no reajustables en moneda nacional de menos de 90 días,Inferiores o iguales al equivalente de 5.000 unidades de fomento,3872.0
2022-05-01,Operaciones no reajustables en moneda nacional de menos de 90 días,Superiores al equivalente de 5.000 unidades de fomento,1014.0
2022-05-01,Operaciones no reajustables en moneda nacional 90 días o más,Inferiores o iguales al equivalente de 50 unidades de fomento,3684.0
2022-05-01,Operaciones no reajustables en moneda nacional 90 días o más,Inferiores o iguales al equivalente de 200 unidades de fomento y superiores al equivalente de 50 unidades de fomento,2821.0
2022-05-01,Operaciones expresadas en moneda extranjera,Superiores al equivalente de 2.000 unidades de fomento,319.0
2022-05-01,Operaciones no reajustables en moneda nacional 90 días o más,Superiores al equivalente de 5.000 unidades de fomento,972.0
2022-05-01,Operaciones reajustables en moneda nacional,Menores a un año,232.0
2022-05-01,Operaciones reajustables en moneda nacional,De un año o más. Inferiores o iguales al equivalente de 2000 unidades de fomento,47.0
2022-05-01,Operaciones reajustables en moneda nacional,De un año o más. Superiores al equivalente de 2000 unidades de fomento,365.0
2022-05-01,Operaciones expresadas en moneda extranjera,Inferiores o iguales al equivalente de 2.000 unidades de fomento,598.0
2022-05-01,Operaciones no reajustables en moneda nacional 90 días o más,Inferiores o iguales al equivalente de 5.000 unidades de fomento y superiores al equivalente de 200 unidades de fomento,191.0
2022-06-01,Operaciones no reajustables en moneda nacional de menos de 90 días,Inferiores o iguales al equivalente de 5.000 unidades de fomento,4076.0
2022-06-01,Operaciones no reajustables en moneda nacional de menos de 90 días,Superiores al equivalente de 5.000 unidades de fomento,1046.0
2022-06-01,Operaciones no reajustables en moneda nacional 90 días o más,Inferiores o iguales al equivalente de 50 unidades de fomento,372.0
2022-06-01,Operaciones no reajustables en moneda nacional 90 días o más,Inferiores o iguales al equivalente de 200 unidades de fomento y superiores al equivalente de 50 unidades de fomento,2841.0
2022-06-01,Operaciones no reajustables en moneda nacional 90 días o más,Inferiores o iguales al equivalente de 5.000 unidades de fomento y superiores al equivalente de 200 unidades de fomento,1944.0
2022-06-01,Operaciones no reajustables en moneda nacional 90 días o más,Inferiores o iguales al equivalente de 200 unidades de fomento,3185.0
2022-06-01,Operaciones reajustables en moneda nacional,Menores a un año,253.0
2022-06-01,Operaciones reajustables en moneda nacional,De un año o más. Inferiores o iguales al equivalente de 2000 unidades de fomento,458.0
2022-06-01,Operaciones reajustables en moneda nacional,De un año o más. Superiores al equivalente de 2000 unidades de fomento,408.0
2022-06-01,Operaciones expresadas en moneda extranjera,Inferiores o iguales al equivalente de 2.000 unidades de fomento,622.0
2022-06-01,Operaciones expresadas en moneda extranjera,Superiores al equivalente de 2.000 unidades de fomento,34.0
2022-06-01,Operaciones no reajustables en moneda nacional 90 días o más,Superiores al equivalente de 5.000 unidades de fomento,1066.0
2022-07-01,Operaciones expresadas en moneda extranjera,Inferiores o iguales al equivalente de 2.000 unidades de fomento,672.0
2022-07-01,Operaciones expresadas en moneda extranjera,Superiores al equivalente de 2.000 unidades de fomento,42.0
2022-07-01,Operaciones no reajustables en moneda nacional 90 días o más,Inferiores o iguales al equivalente de 200 unidades de fomento,3258.0
2022-07-01,Operaciones no reajustables en moneda nacional de menos de 90 días,Inferiores o iguales al equivalente de 5.000 unidades de fomento,4242.0
2022-07-01,Operaciones no reajustables en moneda nacional de menos de 90 días,Superiores al equivalente de 5.000 unidades de fomento,114.0
2022-07-01,Operaciones reajustables en moneda nacional,De un año o más. Superiores al equivalente de 2000 unidades de fomento,396.0
2022-07-01,Operaciones no reajustables en moneda nacional 90 días o más,Inferiores o iguales al equivalente de 200 unidades de fomento y superiores al equivalente de 50 unidades de fomento,2916.0
2022-07-01,Operaciones no reajustables en moneda nacional 90 días o más,Inferiores o iguales al equivalente de 5.000 unidades de fomento y superiores al equivalente de 200 unidades de fomento,1984.0
2022-07-01,Operaciones no reajustables en moneda nacional 90 días o más,Superiores al equivalente de 5.000 unidades de fomento,1118.0
2022-07-01,Operaciones reajustables en moneda nacional,Menores a un año,257.0
2022-07-01,Operaciones reajustables en moneda nacional,De un año o más. Inferiores o iguales al equivalente de 2000 unidades de fomento,446.0
2022-07-01,Operaciones no reajustables en moneda nacional 90 días o más,Inferiores o iguales al equivalente de 50 unidades de fomento,378.0
2022-08-01,Operaciones expresadas en moneda extranjera,Inferiores o iguales al equivalente de 2.000 unidades de fomento,822.0
2022-08-01,Operaciones expresadas en moneda extranjera,Superiores al equivalente de 2.000 unidades de fomento,456.0
2022-08-01,Operaciones no reajustables en moneda nacional 90 días o más,Inferiores o iguales al equivalente de 200 unidades de fomento,325.0
2022-08-01,Operaciones no reajustables en moneda nacional de menos de 90 días,Inferiores o iguales al equivalente de 5.000 unidades de fomento,4302.0
2022-08-01,Operaciones no reajustables en moneda nacional de menos de 90 días,Superiores al equivalente de 5.000 unidades de fomento,1244.0
2022-08-01,Operaciones reajustables en moneda nacional,De un año o más. Superiores al equivalente de 2000 unidades de fomento,376.0
2022-08-01,Operaciones no reajustables en moneda nacional 90 días o más,Inferiores o iguales al equivalente de 200 unidades de fomento y superiores al equivalente de 50 unidades de fomento,2897.0
2022-08-01,Operaciones no reajustables en moneda nacional 90 días o más,Inferiores o iguales al equivalente de 5.000 unidades de fomento y superiores al equivalente de 200 unidades de fomento,2008.0
2022-08-01,Operaciones no reajustables en moneda nacional 90 días o más,Superiores al equivalente de 5.000 unidades de fomento,1204.0
2022-08-01,Operaciones reajustables en moneda nacional,Menores a un año,255.0
2022-08-01,Operaciones reajustables en moneda nacional,De un año o más. Inferiores o iguales al equivalente de 2000 unidades de fomento,44.0
2022-08-01,Operaciones no reajustables en moneda nacional 90 días o más,Inferiores o iguales al equivalente de 50 unidades de fomento,3795.0
2022-09-01,Operaciones no reajustables en moneda nacional de menos de 90 días,Inferiores o iguales al equivalente de 5.000 unidades de fomento,4462.0
2022-09-01,Operaciones no reajustables en moneda nacional de menos de 90 días,Superiores al equivalente de 5.000 unidades de fomento,1354.0
2022-09-01,Operaciones no reajustables en moneda nacional 90 días o más,Inferiores o iguales al equivalente de 50 unidades de fomento,3834.0
2022-09-01,Operaciones no reajustables en moneda nacional 90 días o más,Inferiores o iguales al equivalente de 200 unidades de fomento y superiores al equivalente de 50 unidades de fomento,2922.0
2022-09-01,Operaciones no reajustables en moneda nacional 90 días o más,Inferiores o iguales al equivalente de 5.000 unidades de fomento y superiores al equivalente de 200 unidades de fomento,2014.0
2022-09-01,Operaciones no reajustables en moneda nacional 90 días o más,Inferiores o iguales al equivalente de 200 unidades de fomento,328.0
2022-09-01,Operaciones reajustables en moneda nacional,Menores a un año,275.0
2022-09-01,Operaciones reajustables en moneda nacional,De un año o más. Inferiores o iguales al equivalente de 2000 unidades de fomento,43.0
2022-09-01,Operaciones reajustables en moneda nacional,De un año o más. Superiores al equivalente de 2000 unidades de fomento,416.0
2022-09-01,Operaciones expresadas en moneda extranjera,Inferiores o iguales al equivalente de 2.000 unidades de fomento,766.0
2022-09-01,Operaciones expresadas en moneda extranjera,Superiores al equivalente de 2.000 unidades de fomento,478.0
2022-09-01,Operaciones no reajustables en moneda nacional 90 días o más,Superiores al equivalente de 5.000 unidades de fomento,124.0
2022-10-01,Operaciones no reajustables en moneda nacional de menos de 90 días,Inferiores o iguales al equivalente de 5.000 unidades de fomento,4576.0
2022-10-01,Operaciones no reajustables en moneda nacional de menos de 90 días,Superiores al equivalente de 5.000 unidades de fomento,1298.0
2022-10-01,Operaciones no reajustables en moneda nacional 90 días o más,Inferiores o iguales al equivalente de 50 unidades de fomento,3914.0
2022-10-01,Operaciones no reajustables en moneda nacional 90 días o más,Inferiores o iguales al equivalente de 200 unidades de fomento y superiores al equivalente de 50 unidades de fomento,3013.0
2022-10-01,Operaciones no reajustables en moneda nacional 90 días o más,Inferiores o iguales al equivalente de 5.000 unidades de fomento y superiores al equivalente de 200 unidades de fomento,2092.0
2022-10-01,Operaciones no reajustables en moneda nacional 90 días o más,Inferiores o iguales al equivalente de 200 unidades de fomento,3372.0
2022-10-01,Operaciones reajustables en moneda nacional,Menores a un año,298.0
2022-10-01,Operaciones reajustables en moneda nacional,De un año o más. Inferiores o iguales al equivalente de 2000 unidades de fomento,432.0
2022-10-01,Operaciones reajustables en moneda nacional,De un año o más. Superiores al equivalente de 2000 unidades de fomento,408.0
2022-10-01,Operaciones expresadas en moneda extranjera,Inferiores o iguales al equivalente de 2.000 unidades de fomento,834.0
2022-10-01,Operaciones expresadas en moneda extranjera,Superiores al equivalente de 2.000 unidades de fomento,546.0
2022-10-01,Operaciones no reajustables en moneda nacional 90 días o más,Superiores al equivalente de 5.000 unidades de fomento,1286.0
2022-11-01,Operaciones no reajustables en moneda nacional de menos de 90 días,Inferiores o iguales al equivalente de 5.000 unidades de fomento,4646.0
2022-11-01,Operaciones no reajustables en moneda nacional de menos de 90 días,Superiores al equivalente de 5.000 unidades de fomento,1412.0
2022-11-01,Operaciones no reajustables en moneda nacional 90 días o más,Inferiores o iguales al equivalente de 50 unidades de fomento,3969.0
2022-11-01,Operaciones no reajustables en moneda nacional 90 días o más,Inferiores o iguales al equivalente de 200 unidades de fomento y superiores al equivalente de 50 unidades de fomento,3041.0
2022-11-01,Operaciones no reajustables en moneda nacional 90 días o más,Inferiores o iguales al equivalente de 5.000 unidades de fomento y superiores al equivalente de 200 unidades de fomento,215.0
2022-11-01,Operaciones no reajustables en moneda nacional 90 días o más,Inferiores o iguales al equivalente de 200 unidades de fomento,3407.0
2022-11-01,Operaciones reajustables en moneda nacional,Menores a un año,4.0
2022-11-01,Operaciones reajustables en moneda nacional,De un año o más. Inferiores o iguales al equivalente de 2000 unidades de fomento,452.0
2022-11-01,Operaciones reajustables en moneda nacional,De un año o más. Superiores al equivalente de 2000 unidades de fomento,468.0
2022-11-01,Operaciones expresadas en moneda extranjera,Inferiores o iguales al equivalente de 2.000 unidades de fomento,948.0
2022-11-01,Operaciones expresadas en moneda extranjera,Superiores al equivalente de 2.000 unidades de fomento,58.0
2022-11-01,Operaciones no reajustables en moneda nacional 90 días o más,Superiores al equivalente de 5.000 unidades de fomento,1296.0
2022-12-01,Operaciones no reajustables en moneda nacional de menos de 90 días,Inferiores o iguales al equivalente de 5.000 unidades de fomento,4662.0
2022-12-01,Operaciones no reajustables en moneda nacional de menos de 90 días,Superiores al equivalente de 5.000 unidades de fomento,1388.0
2022-12-01,Operaciones no reajustables en moneda nacional 90 días o más,Inferiores o iguales al equivalente de 50 unidades de fomento,4033.0
2022-12-01,Operaciones no reajustables en moneda nacional 90 días o más,Inferiores o iguales al equivalente de 200 unidades de fomento y superiores al equivalente de 50 unidades de fomento,3079.0
2022-12-01,Operaciones no reajustables en moneda nacional 90 días o más,Inferiores o iguales al equivalente de 5.000 unidades de fomento y superiores al equivalente de 200 unidades de fomento,212.0
2022-12-01,Operaciones no reajustables en moneda nacional 90 días o más,Inferiores o iguales al equivalente de 200 unidades de fomento,3457.0
2022-12-01,Operaciones reajustables en moneda nacional,Menores a un año,442.0
2022-12-01,Operaciones reajustables en moneda nacional,De un año o más. Inferiores o iguales al equivalente de 2000 unidades de fomento,466.0
2022-12-01,Operaciones reajustables en moneda nacional,De un año o más. Superiores al equivalente de 2000 unidades de fomento,484.0
2022-12-01,Operaciones expresadas en moneda extranjera,Inferiores o iguales al equivalente de 2.000 unidades de fomento,986.0
2022-12-01,Operaciones expresadas en moneda extranjera,Superiores al equivalente de 2.000 unidades de fomento,652.0
2022-12-01,Operaciones no reajustables en moneda nacional 90 días o más,Superiores al equivalente de 5.000 unidades de fomento,1306.0
2023-01-01,Operaciones no reajustables en moneda nacional de menos de 90 días,Inferiores o iguales al equivalente de 5.000 unidades de fomento,4344.0
2023-01-01,Operaciones no reajustables en moneda nacional de menos de 90 días,Superiores al equivalente de 5.000 unidades de fomento,1484.0
2023-01-01,Operaciones no reajustables en moneda nacional 90 días o más,Inferiores o iguales al equivalente de 50 unidades de fomento,4059.0
2023-01-01,Operaciones no reajustables en moneda nacional 90 días o más,Inferiores o iguales al equivalente de 200 unidades de fomento y superiores al equivalente de 50 unidades de fomento,3124.0
2023-01-01,Operaciones no reajustables en moneda nacional 90 días o más,Inferiores o iguales al equivalente de 5.000 unidades de fomento y superiores al equivalente de 200 unidades de fomento,217.0
2023-01-01,Operaciones no reajustables en moneda nacional 90 días o más,Inferiores o iguales al equivalente de 200 unidades de fomento,35.0
2023-01-01,Operaciones reajustables en moneda nacional,Menores a un año,51.0
2023-01-01,Operaciones reajustables en moneda nacional,De un año o más. Inferiores o iguales al equivalente de 2000 unidades de fomento,452.0
2023-01-01,Operaciones reajustables en moneda nacional,De un año o más. Superiores al equivalente de 2000 unidades de fomento,474.0
2023-01-01,Operaciones expresadas en moneda extranjera,Inferiores o iguales al equivalente de 2.000 unidades de fomento,10.0
2023-01-01,Operaciones expresadas en moneda extranjera,Superiores al equivalente de 2.000 unidades de fomento,708.0
2023-01-01,Operaciones no reajustables en moneda nacional 90 días o más,Superiores al equivalente de 5.000 unidades de fomento,1334.0
2023-02-01,Operaciones no reajustables en moneda nacional de menos de 90 días,Inferiores o iguales al equivalente de 5.000 unidades de fomento,4052.0
2023-02-01,Operaciones no reajustables en moneda nacional de menos de 90 días,Superiores al equivalente de 5.000 unidades de fomento,1508.0
2023-02-01,Operaciones no reajustables en moneda nacional 90 días o más,Inferiores o iguales al equivalente de 50 unidades de fomento,405.0
2023-02-01,Operaciones no reajustables en moneda nacional 90 días o más,Inferiores o iguales al equivalente de 200 unidades de fomento y superiores al equivalente de 50 unidades de fomento,3098.0
2023-02-01,Operaciones no reajustables en moneda nacional 90 días o más,Inferiores o iguales al equivalente de 5.000 unidades de fomento y superiores al equivalente de 200 unidades de fomento,2118.0
2023-02-01,Operaciones expresadas en moneda extranjera,Inferiores o iguales al equivalente de 2.000 unidades de fomento,1034.0
2023-02-01,Operaciones reajustables en moneda nacional,Menores a un año,676.0
2023-02-01,Operaciones expresadas en moneda extranjera,Superiores al equivalente de 2.000 unidades de fomento,686.0
2023-02-01,Operaciones no reajustables en moneda nacional 90 días o más,Inferiores o iguales al equivalente de 200 unidades de fomento,3476.0
2023-02-01,Operaciones reajustables en moneda nacional,De un año o más. Inferiores o iguales al equivalente de 2000 unidades de fomento,43.0
2023-02-01,Operaciones reajustables en moneda nacional,De un año o más. Superiores al equivalente de 2000 unidades de fomento,468.0
2023-02-01,Operaciones no reajustables en moneda nacional 90 días o más,Superiores al equivalente de 5.000 unidades de fomento,1364.0
2023-03-01,Operaciones no reajustables en moneda nacional de menos de 90 días,Superiores al equivalente de 5.000 unidades de fomento,1558.0
2023-03-01,Operaciones no reajustables en moneda nacional 90 días o más,Inferiores o iguales al equivalente de 50 unidades de fomento,406.0
2023-03-01,Operaciones no reajustables en moneda nacional 90 días o más,Inferiores o iguales al equivalente de 200 unidades de fomento y superiores al equivalente de 50 unidades de fomento,3117.0
2023-03-01,Operaciones no reajustables en moneda nacional 90 días o más,Inferiores o iguales al equivalente de 5.000 unidades de fomento y superiores al equivalente de 200 unidades de fomento,2188.0
2023-03-01,Operaciones no reajustables en moneda nacional 90 días o más,Superiores al equivalente de 5.000 unidades de fomento,1448.0
2023-03-01,Operaciones no reajustables en moneda nacional de menos de 90 días,Inferiores o iguales al equivalente de 5.000 unidades de fomento,4176.0
2023-03-01,Operaciones reajustables en moneda nacional,De un año o más. Inferiores o iguales al equivalente de 2000 unidades de fomento,426.0
2023-03-01,Operaciones reajustables en moneda nacional,De un año o más. Superiores al equivalente de 2000 unidades de fomento,442.0
2023-03-01,Operaciones expresadas en moneda extranjera,Inferiores o iguales al equivalente de 2.000 unidades de fomento,1066.0
2023-03-01,Operaciones expresadas en moneda extranjera,Superiores al equivalente de 2.000 unidades de fomento,721.0
2023-03-01,Operaciones no reajustables en moneda nacional 90 días o más,Inferiores o iguales al equivalente de 200 unidades de fomento,3495.0
2023-03-01,Operaciones reajustables en moneda nacional,Menores a un año,694.0
2023-04-01,Operaciones no reajustables en moneda nacional de menos de 90 días,Inferiores o iguales al equivalente de 5.000 unidades de fomento,415.0
2023-04-01,Operaciones no reajustables en moneda nacional de menos de 90 días,Superiores al equivalente de 5.000 unidades de fomento,1462.0
2023-04-01,Operaciones no reajustables en moneda nacional 90 días o más,Inferiores o iguales al equivalente de 50 unidades de fomento,4045.0
2023-04-01,Operaciones no reajustables en moneda nacional 90 días o más,Inferiores o iguales al equivalente de 200 unidades de fomento y superiores al equivalente de 50 unidades de fomento,3088.0
2023-04-01,Operaciones no reajustables en moneda nacional 90 días o más,Inferiores o iguales al equivalente de 5.000 unidades de fomento y superiores al equivalente de 200 unidades de fomento,2128.0
2023-04-01,Operaciones no reajustables en moneda nacional 90 días o más,Inferiores o iguales al equivalente de 200 unidades de fomento,3468.0
2023-04-01,Operaciones reajustables en moneda nacional,Menores a un año,722.0
2023-04-01,Operaciones reajustables en moneda nacional,De un año o más. Inferiores o iguales al equivalente de 2000 unidades de fomento,424.0
2023-04-01,Operaciones reajustables en moneda nacional,De un año o más. Superiores al equivalente de 2000 unidades de fomento,482.0
2023-04-01,Operaciones expresadas en moneda extranjera,Inferiores o iguales al equivalente de 2.000 unidades de fomento,1038.0
2023-04-01,Operaciones expresadas en moneda extranjera,Superiores al equivalente de 2.000 unidades de fomento,716.0
2023-04-01,Operaciones no reajustables en moneda nacional 90 días o más,Superiores al equivalente de 5.000 unidades de fomento,1474.0
2023-05-01,Operaciones no reajustables en moneda nacional de menos de 90 días,Inferiores o iguales al equivalente de 5.000 unidades de fomento,4192.0
2023-05-01,Operaciones no reajustables en moneda nacional de menos de 90 días,Superiores al equivalente de 5.000 unidades de fomento,1394.0
2023-05-01,Operaciones no reajustables en moneda nacional 90 días o más,Inferiores o iguales al equivalente de 50 unidades de fomento,4066.0
2023-05-01,Operaciones no reajustables en moneda nacional 90 días o más,Inferiores o iguales al equivalente de 200 unidades de fomento y superiores al equivalente de 50 unidades de fomento,3141.0
2023-05-01,Operaciones no reajustables en moneda nacional 90 días o más,Inferiores o iguales al equivalente de 5.000 unidades de fomento y superiores al equivalente de 200 unidades de fomento,2204.0
2023-05-01,Operaciones no reajustables en moneda nacional 90 días o más,Inferiores o iguales al equivalente de 200 unidades de fomento,3514.0
2023-05-01,Operaciones reajustables en moneda nacional,Menores a un año,718.0
2023-05-01,Operaciones reajustables en moneda nacional,De un año o más. Inferiores o iguales al equivalente de 2000 unidades de fomento,426.0
2023-05-01,Operaciones reajustables en moneda nacional,De un año o más. Superiores al equivalente de 2000 unidades de fomento,468.0
2023-05-01,Operaciones expresadas en moneda extranjera,Inferiores o iguales al equivalente de 2.000 unidades de fomento,1094.0
2023-05-01,Operaciones expresadas en moneda extranjera,Superiores al equivalente de 2.000 unidades de fomento,738.0
2023-05-01,Operaciones no reajustables en moneda nacional 90 días o más,Superiores al equivalente de 5.000 unidades de fomento,1464.0
2023-06-01,Operaciones no reajustables en moneda nacional de menos de 90 días,Inferiores o iguales al equivalente de 5.000 unidades de fomento,4208.0
2023-06-01,Operaciones no reajustables en moneda nacional de menos de 90 días,Superiores al equivalente de 5.000 unidades de fomento,1442.0
2023-06-01,Operaciones no reajustables en moneda nacional 90 días o más,Inferiores o iguales al equivalente de 50 unidades de fomento,4064.0
2023-06-01,Operaciones no reajustables en moneda nacional 90 días o más,Inferiores o iguales al equivalente de 200 unidades de fomento y superiores al equivalente de 50 unidades de fomento,3123.0
2023-06-01,Operaciones no reajustables en moneda nacional 90 días o más,Inferiores o iguales al equivalente de 5.000 unidades de fomento y superiores al equivalente de 200 unidades de fomento,218.0
2023-06-01,Operaciones no reajustables en moneda nacional 90 días o más,Inferiores o iguales al equivalente de 200 unidades de fomento,3498.0
2023-06-01,Operaciones reajustables en moneda nacional,Menores a un año,936.0
2023-06-01,Operaciones reajustables en moneda nacional,De un año o más. Inferiores o iguales al equivalente de 2000 unidades de fomento,422.0
2023-06-01,Operaciones reajustables en moneda nacional,De un año o más. Superiores al equivalente de 2000 unidades de fomento,452.0
2023-06-01,Operaciones expresadas en moneda extranjera,Inferiores o iguales al equivalente de 2.000 unidades de fomento,104.0
2023-06-01,Operaciones expresadas en moneda extranjera,Superiores al equivalente de 2.000 unidades de fomento,74.0
2023-06-01,Operaciones no reajustables en moneda nacional 90 días o más,Superiores al equivalente de 5.000 unidades de fomento,1456.0
2023-07-01,Operaciones no reajustables en moneda nacional de menos de 90 días,Inferiores o iguales al equivalente de 5.000 unidades de fomento,4442.0
2023-07-01,Operaciones no reajustables en moneda nacional de menos de 90 días,Superiores al equivalente de 5.000 unidades de fomento,1508.0
2023-07-01,Operaciones no reajustables en moneda nacional 90 días o más,Inferiores o iguales al equivalente de 50 unidades de fomento,4095.0
2023-07-01,Operaciones no reajustables en moneda nacional 90 días o más,Inferiores o iguales al equivalente de 200 unidades de fomento y superiores al equivalente de 50 unidades de fomento,3163.0
2023-07-01,Operaciones no reajustables en moneda nacional 90 días o más,Inferiores o iguales al equivalente de 5.000 unidades de fomento y superiores al equivalente de 200 unidades de fomento,2192.0
2023-07-01,Operaciones no reajustables en moneda nacional 90 días o más,Inferiores o iguales al equivalente de 200 unidades de fomento,3546.0
2023-07-01,Operaciones reajustables en moneda nacional,Menores a un año,962.0
2023-07-01,Operaciones reajustables en moneda nacional,De un año o más. Inferiores o iguales al equivalente de 2000 unidades de fomento,418.0
2023-07-01,Operaciones reajustables en moneda nacional,De un año o más. Superiores al equivalente de 2000 unidades de fomento,432.0
2023-07-01,Operaciones expresadas en moneda extranjera,Inferiores o iguales al equivalente de 2.000 unidades de fomento,1076.0
2023-07-01,Operaciones expresadas en moneda extranjera,Superiores al equivalente de 2.000 unidades de fomento,746.0
2023-07-01,Operaciones no reajustables en moneda nacional 90 días o más,Superiores al equivalente de 5.000 unidades de fomento,1379.0
2023-08-01,Operaciones no reajustables en moneda nacional de menos de 90 días,Inferiores o iguales al equivalente de 5.000 unidades de fomento,4412.0
2023-08-01,Operaciones no reajustables en moneda nacional de menos de 90 días,Superiores al equivalente de 5.000 unidades de fomento,1378.0
2023-08-01,Operaciones no reajustables en moneda nacional 90 días o más,Inferiores o iguales al equivalente de 50 unidades de fomento,4084.0
2023-08-01,Operaciones no reajustables en moneda nacional 90 días o más,Inferiores o iguales al equivalente de 200 unidades de fomento y superiores al equivalente de 50 unidades de fomento,3152.0
2023-08-01,Operaciones no reajustables en moneda nacional 90 días o más,Inferiores o iguales al equivalente de 5.000 unidades de fomento y superiores al equivalente de 200 unidades de fomento,2152.0
2023-08-01,Operaciones no reajustables en moneda nacional 90 días o más,Inferiores o iguales al equivalente de 200 unidades de fomento,3535.0
2023-08-01,Operaciones reajustables en moneda nacional,Menores a un año,972.0
2023-08-01,Operaciones reajustables en moneda nacional,De un año o más. Inferiores o iguales al equivalente de 2000 unidades de fomento,424.0
2023-08-01,Operaciones reajustables en moneda nacional,De un año o más. Superiores al equivalente de 2000 unidades de fomento,452.0
2023-08-01,Operaciones expresadas en moneda extranjera,Inferiores o iguales al equivalente de 2.000 unidades de fomento,1086.0
2023-08-01,Operaciones expresadas en moneda extranjera,Superiores al equivalente de 2.000 unidades de fomento,796.0
2023-08-01,Operaciones no reajustables en moneda nacional 90 días o más,Superiores al equivalente de 5.000 unidades de fomento,137.0
2023-09-01,Operaciones no reajustables en moneda nacional de menos de 90 días,Superiores al equivalente de 5.000 unidades de fomento,128.0
2023-09-01,Operaciones no reajustables en moneda nacional 90 días o más,Inferiores o iguales al equivalente de 50 unidades de fomento,4057.0
2023-09-01,Operaciones no reajustables en moneda nacional 90 días o más,Inferiores o iguales al equivalente de 200 unidades de fomento y superiores al equivalente de 50 unidades de fomento,3098.0
2023-09-01,Operaciones no reajustables en moneda nacional 90 días o más,Inferiores o iguales al equivalente de 5.000 unidades de fomento y superiores al equivalente de 200 unidades de fomento,206.0
2023-09-01,Operaciones no reajustables en moneda nacional 90 días o más,Superiores al equivalente de 5.000 unidades de fomento,123.0
2023-09-01,Operaciones no reajustables en moneda nacional de menos de 90 días,Inferiores o iguales al equivalente de 5.000 unidades de fomento,4516.0
2023-09-01,Operaciones reajustables en moneda nacional,De un año o más. Inferiores o iguales al equivalente de 2000 unidades de fomento,424.0
2023-09-01,Operaciones reajustables en moneda nacional,De un año o más. Superiores al equivalente de 2000 unidades de fomento,44.0
2023-09-01,Operaciones expresadas en moneda extranjera,Inferiores o iguales al equivalente de 2.000 unidades de fomento,1082.0
2023-09-01,Operaciones expresadas en moneda extranjera,Superiores al equivalente de 2.000 unidades de fomento,788.0
2023-09-01,Operaciones no reajustables en moneda nacional 90 días o más,Inferiores o iguales al equivalente de 200 unidades de fomento,3484.0
2023-09-01,Operaciones reajustables en moneda nacional,Menores a un año,792.0
2023-10-01,Operaciones no reajustables en moneda nacional de menos de 90 días,Superiores al equivalente de 5.000 unidades de fomento,1204.0
2023-10-01,Operaciones no reajustables en moneda nacional 90 días o más,Inferiores o iguales al equivalente de 50 unidades de fomento,4012.0
2023-10-01,Operaciones no reajustables en moneda nacional de menos de 90 días,Inferiores o iguales al equivalente de 5.000 unidades de fomento,463.0
2023-10-01,Operaciones no reajustables en moneda nacional 90 días o más,Inferiores o iguales al equivalente de 200 unidades de fomento y superiores al equivalente de 50 unidades de fomento,3101.0
2023-10-01,Operaciones no reajustables en moneda nacional 90 días o más,Inferiores o iguales al equivalente de 5.000 unidades de fomento y superiores al equivalente de 200 unidades de fomento,2096.0
2023-10-01,Operaciones no reajustables en moneda nacional 90 días o más,Inferiores o iguales al equivalente de 200 unidades de fomento,3474.0
2023-10-01,Operaciones reajustables en moneda nacional,Menores a un año,74.0
2023-10-01,Operaciones reajustables en moneda nacional,De un año o más. Inferiores o iguales al equivalente de 2000 unidades de fomento,434.0
2023-10-01,Operaciones reajustables en moneda nacional,De un año o más. Superiores al equivalente de 2000 unidades de fomento,47.0
2023-10-01,Operaciones expresadas en moneda extranjera,Inferiores o iguales al equivalente de 2.000 unidades de fomento,1044.0
2023-10-01,Operaciones expresadas en moneda extranjera,Superiores al equivalente de 2.000 unidades de fomento,72.0
2023-10-01,Operaciones no reajustables en moneda nacional 90 días o más,Superiores al equivalente de 5.000 unidades de fomento,1206.0
2023-11-01,Operaciones no reajustables en moneda nacional de menos de 90 días,Inferiores o iguales al equivalente de 5.000 unidades de fomento,454.0
2023-11-01,Operaciones no reajustables en moneda nacional de menos de 90 días,Superiores al equivalente de 5.000 unidades de fomento,1108.0
2023-11-01,Operaciones no reajustables en moneda nacional 90 días o más,Inferiores o iguales al equivalente de 50 unidades de fomento,3973.0
2023-11-01,Operaciones no reajustables en moneda nacional 90 días o más,Inferiores o iguales al equivalente de 200 unidades de fomento y superiores al equivalente de 50 unidades de fomento,3058.0
2023-11-01,Operaciones no reajustables en moneda nacional 90 días o más,Inferiores o iguales al equivalente de 5.000 unidades de fomento y superiores al equivalente de 200 unidades de fomento,2093.0
2023-11-01,Operaciones no reajustables en moneda nacional 90 días o más,Inferiores o iguales al equivalente de 200 unidades de fomento,3432.0
2023-11-01,Operaciones reajustables en moneda nacional,Menores a un año,698.0
2023-11-01,Operaciones reajustables en moneda nacional,De un año o más. Inferiores o iguales al equivalente de 2000 unidades de fomento,468.0
2023-11-01,Operaciones reajustables en moneda nacional,De un año o más. Superiores al equivalente de 2000 unidades de fomento,526.0
2023-11-01,Operaciones expresadas en moneda extranjera,Inferiores o iguales al equivalente de 2.000 unidades de fomento,1124.0
2023-11-01,Operaciones expresadas en moneda extranjera,Superiores al equivalente de 2.000 unidades de fomento,768.0
2023-11-01,Operaciones no reajustables en moneda nacional 90 días o más,Superiores al equivalente de 5.000 unidades de fomento,12.0
2023-12-01,Operaciones no reajustables en moneda nacional 90 días o más,Inferiores o iguales al equivalente de 200 unidades de fomento y superiores al equivalente de 50 unidades de fomento,3064.0
2023-12-01,Operaciones no reajustables en moneda nacional 90 días o más,Inferiores o iguales al equivalente de 50 unidades de fomento,3979.0
2023-12-01,Operaciones no reajustables en moneda nacional 90 días o más,Inferiores o iguales al equivalente de 5.000 unidades de fomento y superiores al equivalente de 200 unidades de fomento,2068.0
2023-12-01,Operaciones no reajustables en moneda nacional 90 días o más,Superiores al equivalente de 5.000 unidades de fomento,1128.0
2023-12-01,Operaciones reajustables en moneda nacional,Menores a un año,828.0
2023-12-01,Operaciones no reajustables en moneda nacional de menos de 90 días,Inferiores o iguales al equivalente de 5.000 unidades de fomento,4392.0
2023-12-01,Operaciones reajustables en moneda nacional,De un año o más. Superiores al equivalente de 2000 unidades de fomento,548.0
2023-12-01,Operaciones en moneda extranjera y expresadas en moneda extranjera,Inferiores o iguales al equivalente de 2.000 unidades de fomento,1104.0
2023-12-01,Operaciones no reajustables en moneda nacional 90 días o más,Inferiores o iguales al equivalente de 200 unidades de fomento,3436.0
2023-12-01,Operaciones no reajustables en moneda nacional de menos de 90 días,Superiores al equivalente de 5.000 unidades de fomento,1062.0
2023-12-01,Operaciones en moneda extranjera y expresadas en moneda extranjera,Superiores al equivalente de 2.000 unidades de fomento,786.0
2023-12-01,Operaciones reajustables en moneda nacional,De un año o más. Inferiores o iguales al equivalente de 2000 unidades de fomento,512.0
2024-01-01,Operaciones no reajustables en moneda nacional de menos de 90 días,Inferiores o iguales al equivalente de 5.000 unidades de fomento,4282.0
2024-01-01,Operaciones no reajustables en moneda nacional de menos de 90 días,Superiores al equivalente de 5.000 unidades de fomento,1058.0
2024-01-01,Operaciones no reajustables en moneda nacional 90 días o más,Inferiores o iguales al equivalente de 50 unidades de fomento,3973.0
2024-01-01,Operaciones no reajustables en moneda nacional 90 días o más,Inferiores o iguales al equivalente de 200 unidades de fomento y superiores al equivalente de 50 unidades de fomento,3075.0
2024-01-01,Operaciones no reajustables en moneda nacional 90 días o más,Inferiores o iguales al equivalente de 5.000 unidades de fomento y superiores al equivalente de 200 unidades de fomento,2088.0
2024-01-01,Operaciones no reajustables en moneda nacional 90 días o más,Inferiores o iguales al equivalente de 200 unidades de fomento,3447.0
2024-01-01,Operaciones reajustables en moneda nacional,Menores a un año,758.0
2024-01-01,Operaciones reajustables en moneda nacional,De un año o más. Inferiores o iguales al equivalente de 2000 unidades de fomento,522.0
2024-01-01,Operaciones reajustables en moneda nacional,De un año o más. Superiores al equivalente de 2000 unidades de fomento,546.0
2024-01-01,Operaciones en moneda extranjera y expresadas en moneda extranjera,Inferiores o iguales al equivalente de 2.000 unidades de fomento,96.0
2024-01-01,Operaciones en moneda extranjera y expresadas en moneda extranjera,Superiores al equivalente de 2.000 unidades de fomento,76.0
2024-01-01,Operaciones no reajustables en moneda nacional 90 días o más,Superiores al equivalente de 5.000 unidades de fomento,1072.0
2024-02-01,Operaciones no reajustables en moneda nacional de menos de 90 días,Inferiores o iguales al equivalente de 5.000 unidades de fomento,4134.0
2024-02-01,Operaciones no reajustables en moneda nacional de menos de 90 días,Superiores al equivalente de 5.000 unidades de fomento,998.0
2024-02-01,Operaciones no reajustables en moneda nacional 90 días o más,Inferiores o iguales al equivalente de 50 unidades de fomento,3945.0
2024-02-01,Operaciones no reajustables en moneda nacional 90 días o más,Inferiores o iguales al equivalente de 200 unidades de fomento y superiores al equivalente de 50 unidades de fomento,3005.0
2024-02-01,Operaciones no reajustables en moneda nacional 90 días o más,Inferiores o iguales al equivalente de 5.000 unidades de fomento y superiores al equivalente de 200 unidades de fomento,2006.0
2024-02-01,Operaciones no reajustables en moneda nacional 90 días o más,Inferiores o iguales al equivalente de 200 unidades de fomento,3389.0
2024-02-01,Operaciones reajustables en moneda nacional,Menores a un año,846.0
2024-02-01,Operaciones reajustables en moneda nacional,De un año o más. Inferiores o iguales al equivalente de 2000 unidades de fomento,506.0
2024-02-01,Operaciones reajustables en moneda nacional,De un año o más. Superiores al equivalente de 2000 unidades de fomento,544.0
2024-02-01,Operaciones en moneda extranjera y expresadas en moneda extranjera,Inferiores o iguales al equivalente de 2.000 unidades de fomento,944.0
2024-02-01,Operaciones en moneda extranjera y expresadas en moneda extranjera,Superiores al equivalente de 2.000 unidades de fomento,758.0
2024-02-01,Operaciones no reajustables en moneda nacional 90 días o más,Superiores al equivalente de 5.000 unidades de fomento,107.0
2024-03-01,Operaciones no reajustables en moneda nacional de menos de 90 días,Inferiores o iguales al equivalente de 5.000 unidades de fomento,4074.0
2024-03-01,Operaciones no reajustables en moneda nacional de menos de 90 días,Superiores al equivalente de 5.000 unidades de fomento,932.0
2024-03-01,Operaciones no reajustables en moneda nacional 90 días o más,Inferiores o iguales al equivalente de 50 unidades de fomento,3906.0
2024-03-01,Operaciones no reajustables en moneda nacional 90 días o más,Inferiores o iguales al equivalente de 200 unidades de fomento y superiores al equivalente de 50 unidades de fomento,2977.0
2024-03-01,Operaciones no reajustables en moneda nacional 90 días o más,Inferiores o iguales al equivalente de 5.000 unidades de fomento y superiores al equivalente de 200 unidades de fomento,1974.0
2024-03-01,Operaciones no reajustables en moneda nacional 90 días o más,Inferiores o iguales al equivalente de 200 unidades de fomento,3357.0
2024-03-01,Operaciones reajustables en moneda nacional,Menores a un año,634.0
2024-03-01,Operaciones reajustables en moneda nacional,De un año o más. Inferiores o iguales al equivalente de 2000 unidades de fomento,502.0
2024-03-01,Operaciones reajustables en moneda nacional,De un año o más. Superiores al equivalente de 2000 unidades de fomento,512.0
2024-03-01,Operaciones en moneda extranjera y expresadas en moneda extranjera,Inferiores o iguales al equivalente de 2.000 unidades de fomento,954.0
2024-03-01,Operaciones en moneda extranjera y expresadas en moneda extranjera,Superiores al equivalente de 2.000 unidades de fomento,732.0
2024-03-01,Operaciones no reajustables en moneda nacional 90 días o más,Superiores al equivalente de 5.000 unidades de fomento,964.0
2024-04-01,Operaciones no reajustables en moneda nacional de menos de 90 días,Inferiores o iguales al equivalente de 5.000 unidades de fomento,4042.0
2024-04-01,Operaciones no reajustables en moneda nacional de menos de 90 días,Superiores al equivalente de 5.000 unidades de fomento,878.0
2024-04-01,Operaciones no reajustables en moneda nacional 90 días o más,Inferiores o iguales al equivalente de 50 unidades de fomento,3848.0
2024-04-01,Operaciones no reajustables en moneda nacional 90 días o más,Inferiores o iguales al equivalente de 200 unidades de fomento y superiores al equivalente de 50 unidades de fomento,2893.0
2024-04-01,Operaciones no reajustables en moneda nacional 90 días o más,Inferiores o iguales al equivalente de 5.000 unidades de fomento y superiores al equivalente de 200 unidades de fomento,184.0
2024-04-01,Operaciones no reajustables en moneda nacional 90 días o más,Inferiores o iguales al equivalente de 200 unidades de fomento,3267.0
2024-04-01,Operaciones reajustables en moneda nacional,Menores a un año,524.0
2024-04-01,Operaciones reajustables en moneda nacional,De un año o más. Inferiores o iguales al equivalente de 2000 unidades de fomento,498.0
2024-04-01,Operaciones reajustables en moneda nacional,De un año o más. Superiores al equivalente de 2000 unidades de fomento,5.0
2024-04-01,Operaciones en moneda extranjera y expresadas en moneda extranjera,Inferiores o iguales al equivalente de 2.000 unidades de fomento,95.0
2024-04-01,Operaciones en moneda extranjera y expresadas en moneda extranjera,Superiores al equivalente de 2.000 unidades de fomento,71.0
2024-04-01,Operaciones no reajustables en moneda nacional 90 días o más,Superiores al equivalente de 5.000 unidades de fomento,10.0
2024-05-01,Operaciones no reajustables en moneda nacional de menos de 90 días,Inferiores o iguales al equivalente de 5.000 unidades de fomento,3862.0
2024-05-01,Operaciones no reajustables en moneda nacional de menos de 90 días,Superiores al equivalente de 5.000 unidades de fomento,824.0
2024-05-01,Operaciones no reajustables en moneda nacional 90 días o más,Inferiores o iguales al equivalente de 50 unidades de fomento,3786.0
2024-05-01,Operaciones no reajustables en moneda nacional 90 días o más,Inferiores o iguales al equivalente de 200 unidades de fomento y superiores al equivalente de 50 unidades de fomento,2837.0
2024-05-01,Operaciones no reajustables en moneda nacional 90 días o más,Inferiores o iguales al equivalente de 5.000 unidades de fomento y superiores al equivalente de 200 unidades de fomento,1832.0
2024-05-01,Operaciones no reajustables en moneda nacional 90 días o más,Inferiores o iguales al equivalente de 200 unidades de fomento,3221.0
2024-05-01,Operaciones reajustables en moneda nacional,Menores a un año,532.0
2024-05-01,Operaciones reajustables en moneda nacional,De un año o más. Inferiores o iguales al equivalente de 2000 unidades de fomento,495.0
2024-05-01,Operaciones reajustables en moneda nacional,De un año o más. Superiores al equivalente de 2000 unidades de fomento,486.0
2024-05-01,Operaciones en moneda extranjera y expresadas en moneda extranjera,Inferiores o iguales al equivalente de 2.000 unidades de fomento,998.0
2024-05-01,Operaciones en moneda extranjera y expresadas en moneda extranjera,Superiores al equivalente de 2.000 unidades de fomento,708.0
2024-05-01,Operaciones no reajustables en moneda nacional 90 días o más,Superiores al equivalente de 5.000 unidades de fomento,964.0
2024-06-01,Operaciones no reajustables en moneda nacional de menos de 90 días,Inferiores o iguales al equivalente de 5.000 unidades de fomento,3772.0
2024-06-01,Operaciones no reajustables en moneda nacional de menos de 90 días,Superiores al equivalente de 5.000 unidades de fomento,798.0
2024-06-01,Operaciones no reajustables en moneda nacional 90 días o más,Inferiores o iguales al equivalente de 50 unidades de fomento,3743.0
2024-06-01,Operaciones no reajustables en moneda nacional 90 días o más,Inferiores o iguales al equivalente de 200 unidades de fomento y superiores al equivalente de 50 unidades de fomento,2813.0
2024-06-01,Operaciones no reajustables en moneda nacional 90 días o más,Inferiores o iguales al equivalente de 5.000 unidades de fomento y superiores al equivalente de 200 unidades de fomento,1808.0
2024-06-01,Operaciones no reajustables en moneda nacional 90 días o más,Inferiores o iguales al equivalente de 200 unidades de fomento,3191.0
2024-06-01,Operaciones reajustables en moneda nacional,Menores a un año,534.0
2024-06-01,Operaciones reajustables en moneda nacional,De un año o más. Inferiores o iguales al equivalente de 2000 unidades de fomento,504.0
2024-06-01,Operaciones reajustables en moneda nacional,De un año o más. Superiores al equivalente de 2000 unidades de fomento,496.0
2024-06-01,Operaciones en moneda extranjera y expresadas en moneda extranjera,Inferiores o iguales al equivalente de 2.000 unidades de fomento,972.0
2024-06-01,Operaciones en moneda extranjera y expresadas en moneda extranjera,Superiores al equivalente de 2.000 unidades de fomento,708.0
2024-06-01,Operaciones no reajustables en moneda nacional 90 días o más,Superiores al equivalente de 5.000 unidades de fomento,914.0
2024-07-01,Operaciones no reajustables en moneda nacional de menos de 90 días,Inferiores o iguales al equivalente de 5.000 unidades de fomento,3652.0
2024-07-01,Operaciones no reajustables en moneda nacional de menos de 90 días,Superiores al equivalente de 5.000 unidades de fomento,724.0
2024-07-01,Operaciones no reajustables en moneda nacional 90 días o más,Inferiores o iguales al equivalente de 50 unidades de fomento,3719.0
2024-07-01,Operaciones no reajustables en moneda nacional 90 días o más,Inferiores o iguales al equivalente de 200 unidades de fomento y superiores al equivalente de 50 unidades de fomento,2794.0
2024-07-01,Operaciones no reajustables en moneda nacional 90 días o más,Inferiores o iguales al equivalente de 5.000 unidades de fomento y superiores al equivalente de 200 unidades de fomento,1758.0
2024-07-01,Operaciones no reajustables en moneda nacional 90 días o más,Inferiores o iguales al equivalente de 200 unidades de fomento,3173.0
2024-07-01,Operaciones reajustables en moneda nacional,Menores a un año,53.0
2024-07-01,Operaciones reajustables en moneda nacional,De un año o más. Inferiores o iguales al equivalente de 2000 unidades de fomento,508.0
2024-07-01,Operaciones reajustables en moneda nacional,De un año o más. Superiores al equivalente de 2000 unidades de fomento,502.0
2024-07-01,Operaciones en moneda extranjera y expresadas en moneda extranjera,Inferiores o iguales al equivalente de 2.000 unidades de fomento,94.0
2024-07-01,Operaciones en moneda extranjera y expresadas en moneda extranjera,Superiores al equivalente de 2.000 unidades de fomento,678.0
2024-07-01,Operaciones no reajustables en moneda nacional 90 días o más,Superiores al equivalente de 5.000 unidades de fomento,83.0
2024-08-01,Operaciones no reajustables en moneda nacional de menos de 90 días,Inferiores o iguales al equivalente de 5.000 unidades de fomento,3502.0
2024-08-01,Operaciones no reajustables en moneda nacional de menos de 90 días,Superiores al equivalente de 5.000 unidades de fomento,736.0
2024-08-01,Operaciones no reajustables en moneda nacional 90 días o más,Inferiores o iguales al equivalente de 50 unidades de fomento,3686.0
2024-08-01,Operaciones no reajustables en moneda nacional 90 días o más,Inferiores o iguales al equivalente de 200 unidades de fomento y superiores al equivalente de 50 unidades de fomento,2776.0
2024-08-01,Operaciones no reajustables en moneda nacional 90 días o más,Inferiores o iguales al equivalente de 5.000 unidades de fomento y superiores al equivalente de 200 unidades de fomento,1758.0
2024-08-01,Operaciones no reajustables en moneda nacional 90 días o más,Inferiores o iguales al equivalente de 200 unidades de fomento,3147.0
2024-08-01,Operaciones reajustables en moneda nacional,Menores a un año,472.0
2024-08-01,Operaciones reajustables en moneda nacional,De un año o más. Inferiores o iguales al equivalente de 2000 unidades de fomento,51.0
2024-08-01,Operaciones reajustables en moneda nacional,De un año o más. Superiores al equivalente de 2000 unidades de fomento,49.0
2024-08-01,Operaciones en moneda extranjera y expresadas en moneda extranjera,Inferiores o iguales al equivalente de 2.000 unidades de fomento,926.0
2024-08-01,Operaciones en moneda extranjera y expresadas en moneda extranjera,Superiores al equivalente de 2.000 unidades de fomento,682.0
2024-08-01,Operaciones no reajustables en moneda nacional 90 días o más,Superiores al equivalente de 5.000 unidades de fomento,794.0
2024-09-01,Operaciones no reajustables en moneda nacional de menos de 90 días,Inferiores o iguales al equivalente de 5.000 unidades de fomento,3384.0
2024-09-01,Operaciones no reajustables en moneda nacional de menos de 90 días,Superiores al equivalente de 5.000 unidades de fomento,718.0
2024-09-01,Operaciones no reajustables en moneda nacional 90 días o más,Inferiores o iguales al equivalente de 50 unidades de fomento,3662.0
2024-09-01,Operaciones no reajustables en moneda nacional 90 días o más,Inferiores o iguales al equivalente de 200 unidades de fomento y superiores al equivalente de 50 unidades de fomento,2724.0
2024-09-01,Operaciones no reajustables en moneda nacional 90 días o más,Inferiores o iguales al equivalente de 5.000 unidades de fomento y superiores al equivalente de 200 unidades de fomento,1716.0
2024-09-01,Operaciones no reajustables en moneda nacional 90 días o más,Inferiores o iguales al equivalente de 200 unidades de fomento,3103.0
2024-09-01,Operaciones reajustables en moneda nacional,Menores a un año,384.0
2024-09-01,Operaciones reajustables en moneda nacional,De un año o más. Inferiores o iguales al equivalente de 2000 unidades de fomento,502.0
2024-09-01,Operaciones reajustables en moneda nacional,De un año o más. Superiores al equivalente de 2000 unidades de fomento,456.0
2024-09-01,Operaciones en moneda extranjera y expresadas en moneda extranjera,Inferiores o iguales al equivalente de 2.000 unidades de fomento,904.0
2024-09-01,Operaciones en moneda extranjera y expresadas en moneda extranjera,Superiores al equivalente de 2.000 unidades de fomento,672.0
2024-09-01,Operaciones no reajustables en moneda nacional 90 días o más,Superiores al equivalente de 5.000 unidades de fomento,782.0
2024-10-01,Operaciones no reajustables en moneda nacional de menos de 90 días,Inferiores o iguales al equivalente de 5.000 unidades de fomento,332.0
2024-10-01,Operaciones no reajustables en moneda nacional de menos de 90 días,Superiores al equivalente de 5.000 unidades de fomento,696.0
2024-10-01,Operaciones no reajustables en moneda nacional 90 días o más,Inferiores o iguales al equivalente de 50 unidades de fomento,3655.0
2024-10-01,Operaciones no reajustables en moneda nacional 90 días o más,Inferiores o iguales al equivalente de 200 unidades de fomento y superiores al equivalente de 50 unidades de fomento,2727.0
2024-10-01,Operaciones no reajustables en moneda nacional 90 días o más,Inferiores o iguales al equivalente de 5.000 unidades de fomento y superiores al equivalente de 200 unidades de fomento,171.0
2024-10-01,Operaciones no reajustables en moneda nacional 90 días o más,Inferiores o iguales al equivalente de 200 unidades de fomento,3107.0
2024-10-01,Operaciones reajustables en moneda nacional,Menores a un año,381.0
2024-10-01,Operaciones reajustables en moneda nacional,De un año o más. Inferiores o iguales al equivalente de 2000 unidades de fomento,49.0
2024-10-01,Operaciones reajustables en moneda nacional,De un año o más. Superiores al equivalente de 2000 unidades de fomento,45.0
2024-10-01,Operaciones en moneda extranjera y expresadas en moneda extranjera,Inferiores o iguales al equivalente de 2.000 unidades de fomento,94.0
2024-10-01,Operaciones en moneda extranjera y expresadas en moneda extranjera,Superiores al equivalente de 2.000 unidades de fomento,664.0
2024-10-01,Operaciones no reajustables en moneda nacional 90 días o más,Superiores al equivalente de 5.000 unidades de fomento,778.0
2024-11-01,Operaciones no reajustables en moneda nacional de menos de 90 días,Inferiores o iguales al equivalente de 5.000 unidades de fomento,323.0
2024-11-01,Operaciones no reajustables en moneda nacional de menos de 90 días,Superiores al equivalente de 5.000 unidades de fomento,7.0
2024-11-01,Operaciones no reajustables en moneda nacional 90 días o más,Inferiores o iguales al equivalente de 50 unidades de fomento,3633.0
2024-11-01,Operaciones no reajustables en moneda nacional 90 días o más,Inferiores o iguales al equivalente de 200 unidades de fomento y superiores al equivalente de 50 unidades de fomento,2726.0
2024-11-01,Operaciones no reajustables en moneda nacional 90 días o más,Inferiores o iguales al equivalente de 5.000 unidades de fomento y superiores al equivalente de 200 unidades de fomento,172.0
2024-11-01,Operaciones no reajustables en moneda nacional 90 días o más,Inferiores o iguales al equivalente de 200 unidades de fomento,2991.0
2024-11-01,Operaciones reajustables en moneda nacional,Menores a un año,387.0
2024-11-01,Operaciones reajustables en moneda nacional,De un año o más. Inferiores o iguales al equivalente de 2000 unidades de fomento,476.0
2024-11-01,Operaciones reajustables en moneda nacional,De un año o más. Superiores al equivalente de 2000 unidades de fomento,438.0
2024-11-01,Operaciones en moneda extranjera y expresadas en moneda extranjera,Inferiores o iguales al equivalente de 2.000 unidades de fomento,916.0
2024-11-01,Operaciones en moneda extranjera y expresadas en moneda extranjera,Superiores al equivalente de 2.000 unidades de fomento,66.0
2024-11-01,Operaciones no reajustables en moneda nacional 90 días o más,Superiores al equivalente de 5.000 unidades de fomento,742.0
2024-12-01,Operaciones no reajustables en moneda nacional de menos de 90 días,Inferiores o iguales al equivalente de 5.000 unidades de fomento,3272.0
2024-12-01,Operaciones no reajustables en moneda nacional de menos de 90 días,Superiores al equivalente de 5.000 unidades de fomento,754.0
2024-12-01,Operaciones no reajustables en moneda nacional 90 días o más,Inferiores o iguales al equivalente de 50 unidades de fomento,3636.0
2024-12-01,Operaciones no reajustables en moneda nacional 90 días o más,Inferiores o iguales al equivalente de 200 unidades de fomento y superiores al equivalente de 50 unidades de fomento,2736.0
2024-12-01,Operaciones no reajustables en moneda nacional 90 días o más,Inferiores o iguales al equivalente de 5.000 unidades de fomento y superiores al equivalente de 200 unidades de fomento,1756.0
2024-12-01,Operaciones no reajustables en moneda nacional 90 días o más,Inferiores o iguales al equivalente de 200 unidades de fomento,3099.0
2024-12-01,Operaciones reajustables en moneda nacional,Menores a un año,361.0
2024-12-01,Operaciones reajustables en moneda nacional,De un año o más. Inferiores o iguales al equivalente de 2000 unidades de fomento,462.0
2024-12-01,Operaciones reajustables en moneda nacional,De un año o más. Superiores al equivalente de 2000 unidades de fomento,404.0
2024-12-01,Operaciones en moneda extranjera y expresadas en moneda extranjera,Inferiores o iguales al equivalente de 2.000 unidades de fomento,904.0
2024-12-01,Operaciones en moneda extranjera y expresadas en moneda extranjera,Superiores al equivalente de 2.000 unidades de fomento,636.0
2024-12-01,Operaciones no reajustables en moneda nacional 90 días o más,Superiores al equivalente de 5.000 unidades de fomento,724.0
2025-01-01,Operaciones no reajustables en moneda nacional de menos de 90 días,Inferiores o iguales al equivalente de 5.000 unidades de fomento,3206.0
2025-01-01,Operaciones no reajustables en moneda nacional de menos de 90 días,Superiores al equivalente de 5.000 unidades de fomento,678.0
2025-01-01,Operaciones no reajustables en moneda nacional 90 días o más,Inferiores o iguales al equivalente de 50 unidades de fomento,3656.0
2025-01-01,Operaciones no reajustables en moneda nacional 90 días o más,Inferiores o iguales al equivalente de 200 unidades de fomento y superiores al equivalente de 50 unidades de fomento,2765.0
2025-01-01,Operaciones no reajustables en moneda nacional 90 días o más,Inferiores o iguales al equivalente de 5.000 unidades de fomento y superiores al equivalente de 200 unidades de fomento,1808.0
2025-01-01,Operaciones no reajustables en moneda nacional 90 días o más,Inferiores o iguales al equivalente de 200 unidades de fomento,3136.0
2025-01-01,Operaciones reajustables en moneda nacional,Menores a un año,416.0
2025-01-01,Operaciones reajustables en moneda nacional,De un año o más. Inferiores o iguales al equivalente de 2000 unidades de fomento,452.0
2025-01-01,Operaciones reajustables en moneda nacional,De un año o más. Superiores al equivalente de 2000 unidades de fomento,42.0
2025-01-01,Operaciones en moneda extranjera y expresadas en moneda extranjera,Inferiores o iguales al equivalente de 2.000 unidades de fomento,894.0
2025-01-01,Operaciones en moneda extranjera y expresadas en moneda extranjera,Superiores al equivalente de 2.000 unidades de fomento,62.0
2025-01-01,Operaciones no reajustables en moneda nacional 90 días o más,Superiores al equivalente de 5.000 unidades de fomento,708.0
2025-02-01,Operaciones no reajustables en moneda nacional de menos de 90 días,Inferiores o iguales al equivalente de 5.000 unidades de fomento,3084.0
2025-02-01,Operaciones no reajustables en moneda nacional de menos de 90 días,Superiores al equivalente de 5.000 unidades de fomento,674.0
2025-02-01,Operaciones no reajustables en moneda nacional 90 días o más,Inferiores o iguales al equivalente de 50 unidades de fomento,3679.0
2025-02-01,Operaciones no reajustables en moneda nacional 90 días o más,Inferiores o iguales al equivalente de 200 unidades de fomento y superiores al equivalente de 50 unidades de fomento,2768.0
2025-02-01,Operaciones no reajustables en moneda nacional 90 días o más,Inferiores o iguales al equivalente de 5.000 unidades de fomento y superiores al equivalente de 200 unidades de fomento,1804.0
2025-02-01,Operaciones no reajustables en moneda nacional 90 días o más,Inferiores o iguales al equivalente de 200 unidades de fomento,3142.0
2025-02-01,Operaciones reajustables en moneda nacional,Menores a un año,342.0
2025-02-01,Operaciones reajustables en moneda nacional,De un año o más. Inferiores o iguales al equivalente de 2000 unidades de fomento,454.0
2025-02-01,Operaciones reajustables en moneda nacional,De un año o más. Superiores al equivalente de 2000 unidades de fomento,416.0
2025-02-01,Operaciones en moneda extranjera y expresadas en moneda extranjera,Inferiores o iguales al equivalente de 2.000 unidades de fomento,952.0
2025-02-01,Operaciones en moneda extranjera y expresadas en moneda extranjera,Superiores al equivalente de 2.000 unidades de fomento,658.0
2025-02-01,Operaciones no reajustables en moneda nacional 90 días o más,Superiores al equivalente de 5.000 unidades de fomento,71.0
2025-03-01,Operaciones no reajustables en moneda nacional de menos de 90 días,Inferiores o iguales al equivalente de 5.000 unidades de fomento,3334.0
2025-03-01,Operaciones no reajustables en moneda nacional de menos de 90 días,Superiores al equivalente de 5.000 unidades de fomento,718.0
2025-03-01,Operaciones no reajustables en moneda nacional 90 días o más,Inferiores o iguales al equivalente de 50 unidades de fomento,3726.0
2025-03-01,Operaciones no reajustables en moneda nacional 90 días o más,Inferiores o iguales al equivalente de 200 unidades de fomento y superiores al equivalente de 50 unidades de fomento,2861.0
2025-03-01,Operaciones no reajustables en moneda nacional 90 días o más,Inferiores o iguales al equivalente de 5.000 unidades de fomento y superiores al equivalente de 200 unidades de fomento,1844.0
2025-03-01,Operaciones no reajustables en moneda nacional 90 días o más,Inferiores o iguales al equivalente de 200 unidades de fomento,3232.0
2025-03-01,Operaciones reajustables en moneda nacional,Menores a un año,297.0
2025-03-01,Operaciones reajustables en moneda nacional,De un año o más. Inferiores o iguales al equivalente de 2000 unidades de fomento,444.0
2025-03-01,Operaciones reajustables en moneda nacional,De un año o más. Superiores al equivalente de 2000 unidades de fomento,436.0
2025-03-01,Operaciones en moneda extranjera y expresadas en moneda extranjera,Inferiores o iguales al equivalente de 2.000 unidades de fomento,105.0
2025-03-01,Operaciones en moneda extranjera y expresadas en moneda extranjera,Superiores al equivalente de 2.000 unidades de fomento,64.0
2025-03-01,Operaciones no reajustables en moneda nacional 90 días o más,Superiores al equivalente de 5.000 unidades de fomento,728.0
2025-04-01,Operaciones no reajustables en moneda nacional de menos de 90 días,Inferiores o iguales al equivalente de 5.000 unidades de fomento,323.0
2025-04-01,Operaciones no reajustables en moneda nacional de menos de 90 días,Superiores al equivalente de 5.000 unidades de fomento,668.0
2025-04-01,Operaciones no reajustables en moneda nacional 90 días o más,Inferiores o iguales al equivalente de 50 unidades de fomento,3701.0
2025-04-01,Operaciones no reajustables en moneda nacional 90 días o más,Inferiores o iguales al equivalente de 200 unidades de fomento y superiores al equivalente de 50 unidades de fomento,2747.0
2025-04-01,Operaciones no reajustables en moneda nacional 90 días o más,Inferiores o iguales al equivalente de 5.000 unidades de fomento y superiores al equivalente de 200 unidades de fomento,172.0
2025-04-01,Operaciones no reajustables en moneda nacional 90 días o más,Inferiores o iguales al equivalente de 200 unidades de fomento,3135.0
2025-04-01,Operaciones reajustables en moneda nacional,Menores a un año,38.0
2025-04-01,Operaciones reajustables en moneda nacional,De un año o más. Inferiores o iguales al equivalente de 2000 unidades de fomento,444.0
2025-04-01,Operaciones reajustables en moneda nacional,De un año o más. Superiores al equivalente de 2000 unidades de fomento,42.0
2025-04-01,Operaciones en moneda extranjera y expresadas en moneda extranjera,Inferiores o iguales al equivalente de 2.000 unidades de fomento,1026.0
2025-04-01,Operaciones en moneda extranjera y expresadas en moneda extranjera,Superiores al equivalente de 2.000 unidades de fomento,638.0
2025-04-01,Operaciones no reajustables en moneda nacional 90 días o más,Superiores al equivalente de 5.000 unidades de fomento,748.0
2025-05-01,Operaciones no reajustables en moneda nacional de menos de 90 días,Inferiores o iguales al equivalente de 5.000 unidades de fomento,3216.0
2025-05-01,Operaciones no reajustables en moneda nacional de menos de 90 días,Superiores al equivalente de 5.000 unidades de fomento,676.0
2025-05-01,Operaciones no reajustables en moneda nacional 90 días o más,Inferiores o iguales al equivalente de 50 unidades de fomento,3672.0
2025-05-01,Operaciones no reajustables en moneda nacional 90 días o más,Inferiores o iguales al equivalente de 200 unidades de fomento y superiores al equivalente de 50 unidades de fomento,2729.0
2025-05-01,Operaciones no reajustables en moneda nacional 90 días o más,Inferiores o iguales al equivalente de 5.000 unidades de fomento y superiores al equivalente de 200 unidades de fomento,1726.0
2025-05-01,Operaciones no reajustables en moneda nacional 90 días o más,Inferiores o iguales al equivalente de 200 unidades de fomento,3115.0
2025-05-01,Operaciones reajustables en moneda nacional,Menores a un año,406.0
2025-05-01,Operaciones reajustables en moneda nacional,De un año o más. Inferiores o iguales al equivalente de 2000 unidades de fomento,448.0
2025-05-01,Operaciones reajustables en moneda nacional,De un año o más. Superiores al equivalente de 2000 unidades de fomento,406.0
2025-05-01,Operaciones en moneda extranjera y expresadas en moneda extranjera,Inferiores o iguales al equivalente de 2.000 unidades de fomento,97.0
2025-05-01,Operaciones en moneda extranjera y expresadas en moneda extranjera,Superiores al equivalente de 2.000 unidades de fomento,652.0
2025-05-01,Operaciones no reajustables en moneda nacional 90 días o más,Superiores al equivalente de 5.000 unidades de fomento,72.0
2025-06-01,Operaciones no reajustables en moneda nacional de menos de 90 días,Inferiores o iguales al equivalente de 5.000 unidades de fomento,100.0
2025-06-01,Operaciones no reajustables en moneda nacional 90 días o más,Inferiores o iguales al equivalente de 200 unidades de fomento,3109.0
2025-06-01,Operaciones no reajustables en moneda nacional 90 días o más,Inferiores o iguales al equivalente de 50 unidades de fomento,300.0
2025-06-01,Operaciones no reajustables en moneda nacional 90 días o más,Inferiores o iguales al equivalente de 200 unidades de fomento y superiores al equivalente de 50 unidades de fomento,2837.0
2025-06-01,Operaciones no reajustables en moneda nacional 90 días o más,Inferiores o iguales al equivalente de 5.000 unidades de fomento y superiores al equivalente de 200 unidades de fomento,1832.0
2025-06-01,Operaciones no reajustables en moneda nacional 90 días o más,Superiores al equivalente de 5.000 unidades de fomento,964.0
2025-06-01,Operaciones reajustables en moneda nacional,Menores a un año,532.0
2025-06-01,Operaciones reajustables en moneda nacional,De un año o más. Inferiores o iguales al equivalente de 2000 unidades de fomento,495.0
2025-06-01,Operaciones reajustables en moneda nacional,De un año o más. Superiores al equivalente de 2000 unidades de fomento,486.0
2025-06-01,Operaciones en moneda extranjera y expresadas en moneda extranjera,Inferiores o iguales al equivalente de 2.000 unidades de fomento,998.0
2025-06-01,Operaciones en moneda extranjera y expresadas en moneda extranjera,Superiores al equivalente de 2.000 unidades de fomento,708.0
2025-06-01,Operaciones no reajustables en moneda nacional 90 días o más,Inferiores o iguales al equivalente de 200 unidades de fomento,3221.0
2025-06-01,Operaciones no reajustables en moneda nacional de menos de 90 días,Inferiores o iguales al equivalente de 5.000 unidades de fomento,3122.0
2025-06-01,Operaciones no reajustables en moneda nacional de menos de 90 días,Superiores al equivalente de 5.000 unidades de fomento,676.0
2025-06-01,Operaciones no reajustables en moneda nacional 90 días o más,Inferiores o iguales al equivalente de 50 unidades de fomento,3635.0
2025-06-01,Operaciones no reajustables en moneda nacional 90 días o más,Inferiores o iguales al equivalente de 200 unidades de fomento y superiores al equivalente de 50 unidades de fomento,2734.0
2025-06-01,Operaciones no reajustables en moneda nacional 90 días o más,Inferiores o iguales al equivalente de 5.000 unidades de fomento y superiores al equivalente de 200 unidades de fomento,1726.0
2025-06-01,Operaciones no reajustables en moneda nacional 90 días o más,Superiores al equivalente de 5.000 unidades de fomento,718.0
2025-06-01,Operaciones reajustables en moneda nacional,Menores a un año,472.0
2025-06-01,Operaciones reajustables en moneda nacional,De un año o más. Inferiores o iguales al equivalente de 2000 unidades de fomento,45.0
2025-06-01,Operaciones reajustables en moneda nacional,De un año o más. Superiores al equivalente de 2000 unidades de fomento,44.0
2025-06-01,Operaciones en moneda extranjera y expresadas en moneda extranjera,Inferiores o iguales al equivalente de 2.000 unidades de fomento,1008.0
2025-06-01,Operaciones en moneda extranjera y expresadas en moneda extranjera,Superiores al equivalente de 2.000 unidades de fomento,644.0
2025-06-01,Operaciones no reajustables en moneda nacional de menos de 90 días,Superiores al equivalente de 5.000 unidades de fomento,100.0
2025-07-01,Operaciones no reajustables en moneda nacional de menos de 90 días,Inferiores o iguales al equivalente de 5.000 unidades de fomento,311.0
2025-07-01,Operaciones no reajustables en moneda nacional de menos de 90 días,Superiores al equivalente de 5.000 unidades de fomento,646.0
2025-07-01,Operaciones no reajustables en moneda nacional 90 días o más,Inferiores o iguales al equivalente de 50 unidades de fomento,3636.0
2025-07-01,Operaciones no reajustables en moneda nacional 90 días o más,Inferiores o iguales al equivalente de 200 unidades de fomento y superiores al equivalente de 50 unidades de fomento,2722.0
2025-07-01,Operaciones no reajustables en moneda nacional 90 días o más,Inferiores o iguales al equivalente de 5.000 unidades de fomento y superiores al equivalente de 200 unidades de fomento,1682.0
2025-07-01,Operaciones no reajustables en moneda nacional 90 días o más,Inferiores o iguales al equivalente de 200 unidades de fomento,3104.0
2025-07-01,Operaciones reajustables en moneda nacional,Menores a un año,48.0
2025-07-01,Operaciones reajustables en moneda nacional,De un año o más. Inferiores o iguales al equivalente de 2000 unidades de fomento,452.0
2025-07-01,Operaciones reajustables en moneda nacional,De un año o más. Superiores al equivalente de 2000 unidades de fomento,43.0
2025-07-01,Operaciones en moneda extranjera y expresadas en moneda extranjera,Inferiores o iguales al equivalente de 2.000 unidades de fomento,10.0
2025-07-01,Operaciones en moneda extranjera y expresadas en moneda extranjera,Superiores al equivalente de 2.000 unidades de fomento,628.0
2025-07-01,Operaciones no reajustables en moneda nacional 90 días o más,Superiores al equivalente de 5.000 unidades de fomento,688.0
2025-08-01,Operaciones no reajustables en moneda nacional de menos de 90 días,Inferiores o iguales al equivalente de 5.000 unidades de fomento,3196.0
2025-08-01,Operaciones no reajustables en moneda nacional de menos de 90 días,Superiores al equivalente de 5.000 unidades de fomento,648.0
2025-08-01,Operaciones no reajustables en moneda nacional 90 días o más,Inferiores o iguales al equivalente de 50 unidades de fomento,3618.0
2025-08-01,Operaciones no reajustables en moneda nacional 90 días o más,Inferiores o iguales al equivalente de 200 unidades de fomento y superiores al equivalente de 50 unidades de fomento,2711.0
2025-08-01,Operaciones no reajustables en moneda nacional 90 días o más,Inferiores o iguales al equivalente de 5.000 unidades de fomento y superiores al equivalente de 200 unidades de fomento,171.0
2025-08-01,Operaciones no reajustables en moneda nacional 90 días o más,Inferiores o iguales al equivalente de 200 unidades de fomento,3086.0
2025-08-01,Operaciones reajustables en moneda nacional,Menores a un año,45.0
2025-08-01,Operaciones reajustables en moneda nacional,De un año o más. Inferiores o iguales al equivalente de 2000 unidades de fomento,452.0
2025-08-01,Operaciones reajustables en moneda nacional,De un año o más. Superiores al equivalente de 2000 unidades de fomento,432.0
2025-08-01,Operaciones en moneda extranjera y expresadas en moneda extranjera,Inferiores o iguales al equivalente de 2.000 unidades de fomento,99.0
2025-08-01,Operaciones en moneda extranjera y expresadas en moneda extranjera,Superiores al equivalente de 2.000 unidades de fomento,622.0
2025-08-01,Operaciones no reajustables en moneda nacional 90 días o más,Superiores al equivalente de 5.000 unidades de fomento,686.0
2025-09-01,Operaciones en moneda extranjera y expresadas en moneda extranjera,Superiores al equivalente de 2.000 unidades de fomento,606.0
2025-09-01,Operaciones no reajustables en moneda nacional 90 días o más,Inferiores o iguales al equivalente de 200 unidades de fomento,3075.0
2025-09-01,Operaciones no reajustables en moneda nacional de menos de 90 días,Inferiores o iguales al equivalente de 5.000 unidades de fomento,3184.0
2025-09-01,Operaciones no reajustables en moneda nacional de menos de 90 días,Superiores al equivalente de 5.000 unidades de fomento,634.0
2025-09-01,Operaciones no reajustables en moneda nacional 90 días o más,Inferiores o iguales al equivalente de 50 unidades de fomento,3604.0
2025-09-01,Operaciones en moneda extranjera y expresadas en moneda extranjera,Inferiores o iguales al equivalente de 2.000 unidades de fomento,98.0
2025-09-01,Operaciones no reajustables en moneda nacional 90 días o más,Inferiores o iguales al equivalente de 5.000 unidades de fomento y superiores al equivalente de 200 unidades de fomento,168.0
2025-09-01,Operaciones no reajustables en moneda nacional 90 días o más,Superiores al equivalente de 5.000 unidades de fomento,696.0
2025-09-01,Operaciones reajustables en moneda nacional,Menores a un año,388.0
2025-09-01,Operaciones reajustables en moneda nacional,De un año o más. Inferiores o iguales al equivalente de 2000 unidades de fomento,45.0
2025-09-01,Operaciones reajustables en moneda nacional,De un año o más. Superiores al equivalente de 2000 unidades de fomento,42.0
2025-09-01,Operaciones no reajustables en moneda nacional 90 días o más,Inferiores o iguales al equivalente de 200 unidades de fomento y superiores al equivalente de 50 unidades de fomento,2703.0
2025-10-01,Operaciones no reajustables en moneda nacional de menos de 90 días,Inferiores o iguales al equivalente de 5.000 unidades de fomento,329.0
2025-10-01,Operaciones no reajustables en moneda nacional de menos de 90 días,Superiores al equivalente de 5.000 unidades de fomento,626.0
2025-10-01,Operaciones no reajustables en moneda nacional 90 días o más,Inferiores o iguales al equivalente de 50 unidades de fomento,3612.0
2025-10-01,Operaciones no reajustables en moneda nacional 90 días o más,Inferiores o iguales al equivalente de 200 unidades de fomento y superiores al equivalente de 50 unidades de fomento,2723.0
2025-10-01,Operaciones no reajustables en moneda nacional 90 días o más,Inferiores o iguales al equivalente de 5.000 unidades de fomento y superiores al equivalente de 200 unidades de fomento,1692.0
2025-10-01,Operaciones no reajustables en moneda nacional 90 días o más,Inferiores o iguales al equivalente de 200 unidades de fomento,3099.0
2025-10-01,Operaciones reajustables en moneda nacional,Menores a un año,384.0
2025-10-01,Operaciones reajustables en moneda nacional,De un año o más. Inferiores o iguales al equivalente de 2000 unidades de fomento,444.0
2025-10-01,Operaciones reajustables en moneda nacional,De un año o más. Superiores al equivalente de 2000 unidades de fomento,42.0
2025-10-01,Operaciones en moneda extranjera y expresadas en moneda extranjera,Inferiores o iguales al equivalente de 2.000 unidades de fomento,938.0
2025-10-01,Operaciones en moneda extranjera y expresadas en moneda extranjera,Superiores al equivalente de 2.000 unidades de fomento,582.0
2025-10-01,Operaciones no reajustables en moneda nacional 90 días o más,Superiores al equivalente de 5.000 unidades de fomento,672.0
2025-11-01,Operaciones no reajustables en moneda nacional de menos de 90 días,Inferiores o iguales al equivalente de 5.000 unidades de fomento,3266.0
2025-11-01,Operaciones no reajustables en moneda nacional de menos de 90 días,Superiores al equivalente de 5.000 unidades de fomento,612.0
2025-11-01,Operaciones no reajustables en moneda nacional 90 días o más,Inferiores o iguales al equivalente de 50 unidades de fomento,3597.0
2025-11-01,Operaciones no reajustables en moneda nacional 90 días o más,Inferiores o iguales al equivalente de 200 unidades de fomento y superiores al equivalente de 50 unidades de fomento,2696.0
2025-11-01,Operaciones no reajustables en moneda nacional 90 días o más,Inferiores o iguales al equivalente de 5.000 unidades de fomento y superiores al equivalente de 200 unidades de fomento,1678.0
2025-11-01,Operaciones no reajustables en moneda nacional 90 días o más,Inferiores o iguales al equivalente de 200 unidades de fomento,3072.0
2025-11-01,Operaciones reajustables en moneda nacional,Menores a un año,394.0
2025-11-01,Operaciones reajustables en moneda nacional,De un año o más. Inferiores o iguales al equivalente de 2000 unidades de fomento,444.0
2025-11-01,Operaciones reajustables en moneda nacional,De un año o más. Superiores al equivalente de 2000 unidades de fomento,426.0
2025-11-01,Operaciones en moneda extranjera y expresadas en moneda extranjera,Inferiores o iguales al equivalente de 2.000 unidades de fomento,964.0
2025-11-01,Operaciones en moneda extranjera y expresadas en moneda extranjera,Superiores al equivalente de 2.000 unidades de fomento,594.0
2025-11-01,Operaciones no reajustables en moneda nacional 90 días o más,Superiores al equivalente de 5.000 unidades de fomento,67.0
2025-12-01,Operaciones no reajustables en moneda nacional de menos de 90 días,Inferiores o iguales al equivalente de 5.000 unidades de fomento,3274.0
2025-12-01,Operaciones no reajustables en moneda nacional de menos de 90 días,Superiores al equivalente de 5.000 unidades de fomento,672.0
2025-12-01,Operaciones no reajustables en moneda nacional 90 días o más,Inferiores o iguales al equivalente de 50 unidades de fomento,3598.0
2025-12-01,Operaciones no reajustables en moneda nacional 90 días o más,Inferiores o iguales al equivalente de 200 unidades de fomento y superiores al equivalente de 50 unidades de fomento,2702.0
2025-12-01,Operaciones no reajustables en moneda nacional 90 días o más,Inferiores o iguales al equivalente de 5.000 unidades de fomento y superiores al equivalente de 200 unidades de fomento,1688.0
2025-12-01,Operaciones no reajustables en moneda nacional 90 días o más,Inferiores o iguales al equivalente de 200 unidades de fomento,3072.0
2025-12-01,Operaciones reajustables en moneda nacional,Menores a un año,46.0
2025-12-01,Operaciones reajustables en moneda nacional,De un año o más. Inferiores o iguales al equivalente de 2000 unidades de fomento,442.0
2025-12-01,Operaciones reajustables en moneda nacional,De un año o más. Superiores al equivalente de 2000 unidades de fomento,424.0
2025-12-01,Operaciones en moneda extranjera y expresadas en moneda extranjera,Inferiores o iguales al equivalente de 2.000 unidades de fomento,93.0
2025-12-01,Operaciones en moneda extranjera y expresadas en moneda extranjera,Superiores al equivalente de 2.000 unidades de fomento,564.0
2025-12-01,Operaciones no reajustables en moneda nacional 90 días o más,Superiores al equivalente de 5.000 unidades de fomento,672.0
2026-01-01,Operaciones no reajustables en moneda nacional de menos de 90 días,Inferiores o iguales al equivalente de 5.000 unidades de fomento,3146.0
2026-01-01,Operaciones no reajustables en moneda nacional de menos de 90 días,Superiores al equivalente de 5.000 unidades de fomento,622.0
2026-01-01,Operaciones no reajustables en moneda nacional 90 días o más,Inferiores o iguales al equivalente de 50 unidades de fomento,3604.0
2026-01-01,Operaciones no reajustables en moneda nacional 90 días o más,Inferiores o iguales al equivalente de 200 unidades de fomento y superiores al equivalente de 50 unidades de fomento,2715.0
2026-01-01,Operaciones no reajustables en moneda nacional 90 días o más,Inferiores o iguales al equivalente de 5.000 unidades de fomento y superiores al equivalente de 200 unidades de fomento,1704.0
2026-01-01,Operaciones no reajustables en moneda nacional 90 días o más,Inferiores o iguales al equivalente de 200 unidades de fomento,3091.0
2026-01-01,Operaciones reajustables en moneda nacional,Menores a un año,462.0
2026-01-01,Operaciones reajustables en moneda nacional,De un año o más. Inferiores o iguales al equivalente de 2000 unidades de fomento,444.0
2026-01-01,Operaciones reajustables en moneda nacional,De un año o más. Superiores al equivalente de 2000 unidades de fomento,43.0
2026-01-01,Operaciones en moneda extranjera y expresadas en moneda extranjera,Inferiores o iguales al equivalente de 2.000 unidades de fomento,98.0
2026-01-01,Operaciones en moneda extranjera y expresadas en moneda extranjera,Superiores al equivalente de 2.000 unidades de fomento,584.0
2026-01-01,Operaciones no reajustables en moneda nacional 90 días o más,Superiores al equivalente de 5.000 unidades de fomento,66.0
2026-02-01,Operaciones no reajustables en moneda nacional de menos de 90 días,Inferiores o iguales al equivalente de 5.000 unidades de fomento,3324.0
2026-02-01,Operaciones no reajustables en moneda nacional de menos de 90 días,Superiores al equivalente de 5.000 unidades de fomento,608.0
2026-02-01,Operaciones no reajustables en moneda nacional 90 días o más,Inferiores o iguales al equivalente de 50 unidades de fomento,308.0
2026-02-01,Operaciones no reajustables en moneda nacional 90 días o más,Inferiores o iguales al equivalente de 200 unidades de fomento y superiores al equivalente de 50 unidades de fomento,2718.0
2026-02-01,Operaciones no reajustables en moneda nacional 90 días o más,Inferiores o iguales al equivalente de 5.000 unidades de fomento y superiores al equivalente de 200 unidades de fomento,192.0
2026-02-01,Operaciones no reajustables en moneda nacional 90 días o más,Inferiores o iguales al equivalente de 200 unidades de fomento,29.0
2026-02-01,Operaciones reajustables en moneda nacional,Menores a un año,48.0
2026-02-01,Operaciones reajustables en moneda nacional,De un año o más. Inferiores o iguales al equivalente de 2000 unidades de fomento,446.0
2026-02-01,Operaciones reajustables en moneda nacional,De un año o más. Superiores al equivalente de 2000 unidades de fomento,448.0
2026-02-01,Operaciones en moneda extranjera y expresadas en moneda extranjera,Inferiores o iguales al equivalente de 2.000 unidades de fomento,97.0
2026-02-01,Operaciones en moneda extranjera y expresadas en moneda extranjera,Superiores al equivalente de 2.000 unidades de fomento,56.0
2026-02-01,Operaciones no reajustables en moneda nacional 90 días o más,Superiores al equivalente de 5.000 unidades de fomento,664.0
2026-03-01,Operaciones reajustables en moneda nacional,De un año o más. Superiores al equivalente de 2000 unidades de fomento,424.0
2026-03-01,Operaciones en moneda extranjera y expresadas en moneda extranjera,Inferiores o iguales al equivalente de 2.000 unidades de fomento,996.0
2026-03-01,Operaciones en moneda extranjera y expresadas en moneda extranjera,Superiores al equivalente de 2.000 unidades de fomento,554.0
2026-03-01,Operaciones no reajustables en moneda nacional 90 días o más,Inferiores o iguales al equivalente de 200 unidades de fomento,2985.0
2026-03-01,Operaciones no reajustables en moneda nacional de menos de 90 días,Inferiores o iguales al equivalente de 5.000 unidades de fomento,3268.0
2026-03-01,Operaciones reajustables en moneda nacional,De un año o más. Inferiores o iguales al equivalente de 2000 unidades de fomento,438.0
2026-03-01,Operaciones no reajustables en moneda nacional 90 días o más,Inferiores o iguales al equivalente de 50 unidades de fomento,3154.0
2026-03-01,Operaciones no reajustables en moneda nacional 90 días o más,Inferiores o iguales al equivalente de 200 unidades de fomento y superiores al equivalente de 50 unidades de fomento,2806.0
2026-03-01,Operaciones no reajustables en moneda nacional 90 días o más,Inferiores o iguales al equivalente de 5.000 unidades de fomento y superiores al equivalente de 200 unidades de fomento,199.0
2026-03-01,Operaciones no reajustables en moneda nacional 90 días o más,Superiores al equivalente de 5.000 unidades de fomento,67.0
2026-03-01,Operaciones reajustables en moneda nacional,Menores a un año,464.0
2026-03-01,Operaciones no reajustables en moneda nacional de menos de 90 días,Superiores al equivalente de 5.000 unidades de fomento,58.0
2026-04-01,Operaciones no reajustables en moneda nacional de menos de 90 días,Inferiores o iguales al equivalente de 5.000 unidades de fomento,3422.0
2026-04-01,Operaciones no reajustables en moneda nacional de menos de 90 días,Superiores al equivalente de 5.000 unidades de fomento,562.0
2026-04-01,Operaciones no reajustables en moneda nacional 90 días o más,Inferiores o iguales al equivalente de 50 unidades de fomento,3066.0
2026-04-01,Operaciones no reajustables en moneda nacional 90 días o más,Inferiores o iguales al equivalente de 200 unidades de fomento y superiores al equivalente de 50 unidades de fomento,2861.0
2026-04-01,Operaciones no reajustables en moneda nacional 90 días o más,Inferiores o iguales al equivalente de 5.000 unidades de fomento y superiores al equivalente de 200 unidades de fomento,196.0
2026-04-01,Operaciones no reajustables en moneda nacional 90 días o más,Inferiores o iguales al equivalente de 200 unidades de fomento,2968.0
2026-04-01,Operaciones reajustables en moneda nacional,Menores a un año,369.0
2026-04-01,Operaciones reajustables en moneda nacional,De un año o más. Inferiores o iguales al equivalente de 2000 unidades de fomento,426.0
2026-04-01,Operaciones reajustables en moneda nacional,De un año o más. Superiores al equivalente de 2000 unidades de fomento,383.0
2026-04-01,Operaciones en moneda extranjera y expresadas en moneda extranjera,Inferiores o iguales al equivalente de 2.000 unidades de fomento,924.0
2026-04-01,Operaciones en moneda extranjera y expresadas en moneda extranjera,Superiores al equivalente de 2.000 unidades de fomento,562.0
2026-04-01,Operaciones no reajustables en moneda nacional 90 días o más,Superiores al equivalente de 5.000 unidades de fomento,666.0
2026-05-01,Operaciones no reajustables en moneda nacional de menos de 90 días,Inferiores o iguales al equivalente de 5.000 unidades de fomento,3508.0
2026-05-01,Operaciones no reajustables en moneda nacional de menos de 90 días,Superiores al equivalente de 5.000 unidades de fomento,586.0
2026-05-01,Operaciones no reajustables en moneda nacional 90 días o más,Inferiores o iguales al equivalente de 50 unidades de fomento,3243.0
2026-05-01,Operaciones no reajustables en moneda nacional 90 días o más,Inferiores o iguales al equivalente de 200 unidades de fomento y superiores al equivalente de 50 unidades de fomento,2925.0
2026-05-01,Operaciones no reajustables en moneda nacional 90 días o más,Inferiores o iguales al equivalente de 5.000 unidades de fomento y superiores al equivalente de 200 unidades de fomento,2028.0
2026-05-01,Operaciones no reajustables en moneda nacional 90 días o más,Inferiores o iguales al equivalente de 200 unidades de fomento,309.0
2026-05-01,Operaciones reajustables en moneda nacional,Menores a un año,287.0
2026-05-01,Operaciones reajustables en moneda nacional,De un año o más. Inferiores o iguales al equivalente de 2000 unidades de fomento,426.0
2026-05-01,Operaciones reajustables en moneda nacional,De un año o más. Superiores al equivalente de 2000 unidades de fomento,359.0
2026-05-01,Operaciones en moneda extranjera y expresadas en moneda extranjera,Inferiores o iguales al equivalente de 2.000 unidades de fomento,98.0
2026-05-01,Operaciones en moneda extranjera y expresadas en moneda extranjera,Superiores al equivalente de 2.000 unidades de fomento,584.0
2026-05-01,Operaciones no reajustables en moneda nacional 90 días o más,Superiores al equivalente de 5.000 unidades de fomento,656.0
2026-06-01,Operaciones no reajustables en moneda nacional de menos de 90 días,Inferiores o iguales al equivalente de 5.000 unidades de fomento,3506.0
2026-06-01,Operaciones no reajustables en moneda nacional de menos de 90 días,Superiores al equivalente de 5.000 unidades de fomento,554.0
2026-06-01,Operaciones no reajustables en moneda nacional 90 días o más,Inferiores o iguales al equivalente de 50 unidades de fomento,3319.0
2026-06-01,Operaciones no reajustables en moneda nacional 90 días o más,Inferiores o iguales al equivalente de 200 unidades de fomento y superiores al equivalente de 50 unidades de fomento,2967.0
2026-06-01,Operaciones no reajustables en moneda nacional 90 días o más,Inferiores o iguales al equivalente de 5.000 unidades de fomento y superiores al equivalente de 200 unidades de fomento,2042.0
2026-06-01,Operaciones no reajustables en moneda nacional 90 días o más,Inferiores o iguales al equivalente de 200 unidades de fomento,3154.0
2026-06-01,Operaciones reajustables en moneda nacional,Menores a un año,286.0
2026-06-01,Operaciones reajustables en moneda nacional,De un año o más. Inferiores o iguales al equivalente de 2000 unidades de fomento,42.0
2026-06-01,Operaciones reajustables en moneda nacional,De un año o más. Superiores al equivalente de 2000 unidades de fomento,344.0
2026-06-01,Operaciones en moneda extranjera y expresadas en moneda extranjera,Inferiores o iguales al equivalente de 2.000 unidades de fomento,988.0
2026-06-01,Operaciones en moneda extranjera y expresadas en moneda extranjera,Superiores al equivalente de 2.000 unidades de fomento,558.0
2026-06-01,Operaciones no reajustables en moneda nacional 90 días o más,Superiores al equivalente de 5.000 unidades de fomento,676.0
2026-07-01,Operaciones no reajustables en moneda nacional 90 días o más,Inferiores o iguales al equivalente de 5.000 unidades de fomento y superiores al equivalente de 200 unidades de fomento,2046.0
2026-07-01,Operaciones reajustables en moneda nacional,Menores a un año,44.0
2026-07-01,Operaciones reajustables en moneda nacional,De un año o más. Inferiores o iguales al equivalente de 2000 unidades de fomento,426.0
2026-07-01,Operaciones reajustables en moneda nacional,De un año o más. Superiores al equivalente de 2000 unidades de fomento,395.0
2026-07-01,Operaciones en moneda extranjera y expresadas en moneda extranjera,Inferiores o iguales al equivalente de 2.000 unidades de fomento,994.0
2026-07-01,Operaciones no reajustables en moneda nacional 90 días o más,Superiores al equivalente de 5.000 unidades de fomento,674.0
2026-07-01,Operaciones no reajustables en moneda nacional 90 días o más,Inferiores o iguales al equivalente de 200 unidades de fomento,3089.0
2026-07-01,Operaciones no reajustables en moneda nacional de menos de 90 días,Inferiores o iguales al equivalente de 5.000 unidades de fomento,3532.0
2026-07-01,Operaciones no reajustables en moneda nacional de menos de 90 días,Superiores al equivalente de 5.000 unidades de fomento,54.0
2026-07-01,Operaciones no reajustables en moneda nacional 90 días o más,Inferiores o iguales al equivalente de 50 unidades de fomento,3204.0
2026-07-01,Operaciones no reajustables en moneda nacional 90 días o más,Inferiores o iguales al equivalente de 200 unidades de fomento y superiores al equivalente de 50 unidades de fomento,2952.0
2026-07-01,Operaciones en moneda extranjera y expresadas en moneda extranjera,Superiores al equivalente de 2.000 unidades de fomento,572.0
