fecha,Titulo,SubTitulo,valor
2020-01-01,Operaciones no reajustables en moneda nacional de menos de 90 días,Inferiores o iguales al equivalente de 5.000 unidades de fomento,321.0
2020-01-01,Operaciones no reajustables en moneda nacional de menos de 90 días,Superiores al equivalente de 5.000 unidades de fomento,681.0
2020-01-01,Operaciones no reajustables en moneda nacional 90 días o más,Inferiores o iguales al equivalente de 50 unidades de fomento,3396.0
2020-01-01,Operaciones no reajustables en moneda nacional 90 días o más,Inferiores o iguales al equivalente de 200 unidades de fomento y superiores al equivalente de 50 unidades de fomento,2696.0
2020-01-01,Operaciones no reajustables en moneda nacional 90 días o más,Inferiores o iguales al equivalente de 5.000 unidades de fomento y superiores al equivalente de 200 unidades de fomento,1944.0
2020-01-01,,Operaciones cuyo mecanismo de pago consista en la deducción de las respectivas cuotas directamente de la pensión del deudor,1996.0
2020-01-01,Operaciones reajustables en moneda nacional,Menores a un año,388.0
2020-01-01,Operaciones reajustables en moneda nacional,De un año o más. Inferiores o iguales al equivalente de 2000 unidades de fomento,458.0
2020-01-01,Operaciones reajustables en moneda nacional,De un año o más. Superiores al equivalente de 2000 unidades de fomento,422.0
2020-01-01,Operaciones expresadas en moneda extranjera,Inferiores o iguales al equivalente de 2.000 unidades de fomento,1077.0
2020-01-01,Operaciones expresadas en moneda extranjera,Superiores al equivalente de 2.000 unidades de fomento,666.0
2020-01-01,Operaciones no reajustables en moneda nacional 90 días o más,Superiores al equivalente de 5.000 unidades de fomento,563.0
2020-02-01,Operaciones no reajustables en moneda nacional de menos de 90 días,Superiores al equivalente de 5.000 unidades de fomento,612.0
2020-02-01,Operaciones no reajustables en moneda nacional 90 días o más,Inferiores o iguales al equivalente de 50 unidades de fomento,3482.0
2020-02-01,Operaciones no reajustables en moneda nacional 90 días o más,Inferiores o iguales al equivalente de 200 unidades de fomento y superiores al equivalente de 50 unidades de fomento,2782.0
2020-02-01,Operaciones no reajustables en moneda nacional 90 días o más,Inferiores o iguales al equivalente de 5.000 unidades de fomento y superiores al equivalente de 200 unidades de fomento,2073.0
2020-02-01,Operaciones no reajustables en moneda nacional 90 días o más,Superiores al equivalente de 5.000 unidades de fomento,63.0
2020-02-01,Operaciones no reajustables en moneda nacional de menos de 90 días,Inferiores o iguales al equivalente de 5.000 unidades de fomento,3255.0
2020-02-01,Operaciones reajustables en moneda nacional,De un año o más. Inferiores o iguales al equivalente de 2000 unidades de fomento,478.0
2020-02-01,Operaciones reajustables en moneda nacional,De un año o más. Superiores al equivalente de 2000 unidades de fomento,447.0
2020-02-01,Operaciones expresadas en moneda extranjera,Inferiores o iguales al equivalente de 2.000 unidades de fomento,936.0
2020-02-01,Operaciones expresadas en moneda extranjera,Superiores al equivalente de 2.000 unidades de fomento,645.0
2020-02-01,,Operaciones cuyo mecanismo de pago consista en la deducción de las respectivas cuotas directamente de la pensión del deudor,2082.0
2020-02-01,Operaciones reajustables en moneda nacional,Menores a un año,391.0
2020-03-01,Operaciones expresadas en moneda extranjera,Inferiores o iguales al equivalente de 2.000 unidades de fomento,951.0
2020-03-01,Operaciones expresadas en moneda extranjera,Superiores al equivalente de 2.000 unidades de fomento,726.0
2020-03-01,,Operaciones cuyo mecanismo de pago consista en la deducción de las respectivas cuotas directamente de la pensión del deudor,2112.0
2020-03-01,Operaciones no reajustables en moneda nacional de menos de 90 días,Inferiores o iguales al equivalente de 5.000 unidades de fomento,3276.0
2020-03-01,Operaciones no reajustables en moneda nacional de menos de 90 días,Superiores al equivalente de 5.000 unidades de fomento,541.0
2020-03-01,Operaciones reajustables en moneda nacional,De un año o más. Superiores al equivalente de 2000 unidades de fomento,443.0
2020-03-01,Operaciones no reajustables en moneda nacional 90 días o más,Inferiores o iguales al equivalente de 200 unidades de fomento y superiores al equivalente de 50 unidades de fomento,2812.0
2020-03-01,Operaciones no reajustables en moneda nacional 90 días o más,Inferiores o iguales al equivalente de 5.000 unidades de fomento y superiores al equivalente de 200 unidades de fomento,2118.0
2020-03-01,Operaciones no reajustables en moneda nacional 90 días o más,Superiores al equivalente de 5.000 unidades de fomento,663.0
2020-03-01,Operaciones reajustables en moneda nacional,Menores a un año,386.0
2020-03-01,Operaciones reajustables en moneda nacional,De un año o más. Inferiores o iguales al equivalente de 2000 unidades de fomento,489.0
2020-03-01,Operaciones no reajustables en moneda nacional 90 días o más,Inferiores o iguales al equivalente de 50 unidades de fomento,3512.0
2020-04-01,Operaciones no reajustables en moneda nacional de menos de 90 días,Inferiores o iguales al equivalente de 5.000 unidades de fomento,3396.0
2020-04-01,Operaciones no reajustables en moneda nacional de menos de 90 días,Superiores al equivalente de 5.000 unidades de fomento,597.0
2020-04-01,Operaciones no reajustables en moneda nacional 90 días o más,Inferiores o iguales al equivalente de 50 unidades de fomento,3556.0
2020-04-01,Operaciones no reajustables en moneda nacional 90 días o más,Inferiores o iguales al equivalente de 200 unidades de fomento y superiores al equivalente de 50 unidades de fomento,2856.0
2020-04-01,Operaciones no reajustables en moneda nacional 90 días o más,Inferiores o iguales al equivalente de 5.000 unidades de fomento y superiores al equivalente de 200 unidades de fomento,2184.0
2020-04-01,,Operaciones cuyo mecanismo de pago consista en la deducción de las respectivas cuotas directamente de la pensión del deudor,2156.0
2020-04-01,Operaciones reajustables en moneda nacional,Menores a un año,385.0
2020-04-01,Operaciones reajustables en moneda nacional,De un año o más. Inferiores o iguales al equivalente de 2000 unidades de fomento,506.0
2020-04-01,Operaciones reajustables en moneda nacional,De un año o más. Superiores al equivalente de 2000 unidades de fomento,463.0
2020-04-01,Operaciones expresadas en moneda extranjera,Inferiores o iguales al equivalente de 2.000 unidades de fomento,867.0
2020-04-01,Operaciones expresadas en moneda extranjera,Superiores al equivalente de 2.000 unidades de fomento,645.0
2020-04-01,Operaciones no reajustables en moneda nacional 90 días o más,Superiores al equivalente de 5.000 unidades de fomento,636.0
2020-05-01,Operaciones no reajustables en moneda nacional de menos de 90 días,Superiores al equivalente de 5.000 unidades de fomento,642.0
2020-05-01,Operaciones no reajustables en moneda nacional 90 días o más,Inferiores o iguales al equivalente de 50 unidades de fomento,3338.0
2020-05-01,Operaciones no reajustables en moneda nacional 90 días o más,Inferiores o iguales al equivalente de 200 unidades de fomento y superiores al equivalente de 50 unidades de fomento,2638.0
2020-05-01,Operaciones no reajustables en moneda nacional 90 días o más,Inferiores o iguales al equivalente de 5.000 unidades de fomento y superiores al equivalente de 200 unidades de fomento,1857.0
2020-05-01,Operaciones no reajustables en moneda nacional 90 días o más,Superiores al equivalente de 5.000 unidades de fomento,577.0
2020-05-01,Operaciones no reajustables en moneda nacional de menos de 90 días,Inferiores o iguales al equivalente de 5.000 unidades de fomento,3372.0
2020-05-01,Operaciones reajustables en moneda nacional,De un año o más. Inferiores o iguales al equivalente de 2000 unidades de fomento,477.0
2020-05-01,Operaciones reajustables en moneda nacional,De un año o más. Superiores al equivalente de 2000 unidades de fomento,49.0
2020-05-01,Operaciones expresadas en moneda extranjera,Inferiores o iguales al equivalente de 2.000 unidades de fomento,1053.0
2020-05-01,Operaciones expresadas en moneda extranjera,Superiores al equivalente de 2.000 unidades de fomento,744.0
2020-05-01,,Operaciones cuyo mecanismo de pago consista en la deducción de las respectivas cuotas directamente de la pensión del deudor,1938.0
2020-05-01,Operaciones reajustables en moneda nacional,Menores a un año,421.0
2020-06-01,Operaciones no reajustables en moneda nacional de menos de 90 días,Inferiores o iguales al equivalente de 5.000 unidades de fomento,3528.0
2020-06-01,Operaciones no reajustables en moneda nacional de menos de 90 días,Superiores al equivalente de 5.000 unidades de fomento,636.0
2020-06-01,Operaciones no reajustables en moneda nacional 90 días o más,Inferiores o iguales al equivalente de 50 unidades de fomento,3424.0
2020-06-01,Operaciones no reajustables en moneda nacional 90 días o más,Inferiores o iguales al equivalente de 200 unidades de fomento y superiores al equivalente de 50 unidades de fomento,2724.0
2020-06-01,Operaciones no reajustables en moneda nacional 90 días o más,Inferiores o iguales al equivalente de 5.000 unidades de fomento y superiores al equivalente de 200 unidades de fomento,1986.0
2020-06-01,,Operaciones cuyo mecanismo de pago consista en la deducción de las respectivas cuotas directamente de la pensión del deudor,2024.0
2020-06-01,Operaciones reajustables en moneda nacional,Menores a un año,444.0
2020-06-01,Operaciones reajustables en moneda nacional,De un año o más. Inferiores o iguales al equivalente de 2000 unidades de fomento,509.0
2020-06-01,Operaciones reajustables en moneda nacional,De un año o más. Superiores al equivalente de 2000 unidades de fomento,487.0
2020-06-01,Operaciones expresadas en moneda extranjera,Inferiores o iguales al equivalente de 2.000 unidades de fomento,1035.0
2020-06-01,Operaciones expresadas en moneda extranjera,Superiores al equivalente de 2.000 unidades de fomento,618.0
2020-06-01,Operaciones no reajustables en moneda nacional 90 días o más,Superiores al equivalente de 5.000 unidades de fomento,588.0
2020-07-01,Operaciones no reajustables en moneda nacional de menos de 90 días,Inferiores o iguales al equivalente de 5.000 unidades de fomento,3564.0
2020-07-01,Operaciones no reajustables en moneda nacional de menos de 90 días,Superiores al equivalente de 5.000 unidades de fomento,642.0
2020-07-01,Operaciones no reajustables en moneda nacional 90 días o más,Inferiores o iguales al equivalente de 50 unidades de fomento,3356.0
2020-07-01,Operaciones no reajustables en moneda nacional 90 días o más,Inferiores o iguales al equivalente de 200 unidades de fomento y superiores al equivalente de 50 unidades de fomento,2656.0
2020-07-01,Operaciones no reajustables en moneda nacional 90 días o más,Inferiores o iguales al equivalente de 5.000 unidades de fomento y superiores al equivalente de 200 unidades de fomento,1884.0
2020-07-01,,Operaciones cuyo mecanismo de pago consista en la deducción de las respectivas cuotas directamente de la pensión del deudor,1956.0
2020-07-01,Operaciones reajustables en moneda nacional,Menores a un año,433.0
2020-07-01,Operaciones reajustables en moneda nacional,De un año o más. Inferiores o iguales al equivalente de 2000 unidades de fomento,519.0
2020-07-01,Operaciones reajustables en moneda nacional,De un año o más. Superiores al equivalente de 2000 unidades de fomento,469.0
2020-07-01,Operaciones expresadas en moneda extranjera,Inferiores o iguales al equivalente de 2.000 unidades de fomento,981.0
2020-07-01,Operaciones expresadas en moneda extranjera,Superiores al equivalente de 2.000 unidades de fomento,618.0
2020-07-01,Operaciones no reajustables en moneda nacional 90 días o más,Superiores al equivalente de 5.000 unidades de fomento,515.0
2020-08-01,Operaciones no reajustables en moneda nacional de menos de 90 días,Inferiores o iguales al equivalente de 5.000 unidades de fomento,3504.0
2020-08-01,Operaciones no reajustables en moneda nacional de menos de 90 días,Superiores al equivalente de 5.000 unidades de fomento,681.0
2020-08-01,Operaciones no reajustables en moneda nacional 90 días o más,Inferiores o iguales al equivalente de 50 unidades de fomento,338.0
2020-08-01,Operaciones no reajustables en moneda nacional 90 días o más,Inferiores o iguales al equivalente de 200 unidades de fomento y superiores al equivalente de 50 unidades de fomento,268.0
2020-08-01,Operaciones no reajustables en moneda nacional 90 días o más,Inferiores o iguales al equivalente de 5.000 unidades de fomento y superiores al equivalente de 200 unidades de fomento,192.0
2020-08-01,,Operaciones cuyo mecanismo de pago consista en la deducción de las respectivas cuotas directamente de la pensión del deudor,198.0
2020-08-01,Operaciones reajustables en moneda nacional,Menores a un año,44.0
2020-08-01,Operaciones reajustables en moneda nacional,De un año o más. Inferiores o iguales al equivalente de 2000 unidades de fomento,469.0
2020-08-01,Operaciones reajustables en moneda nacional,De un año o más. Superiores al equivalente de 2000 unidades de fomento,488.0
2020-08-01,Operaciones expresadas en moneda extranjera,Inferiores o iguales al equivalente de 2.000 unidades de fomento,945.0
2020-08-01,Operaciones expresadas en moneda extranjera,Superiores al equivalente de 2.000 unidades de fomento,569.0
2020-08-01,Operaciones no reajustables en moneda nacional 90 días o más,Superiores al equivalente de 5.000 unidades de fomento,497.0
2020-09-01,Operaciones no reajustables en moneda nacional de menos de 90 días,Inferiores o iguales al equivalente de 5.000 unidades de fomento,3363.0
2020-09-01,Operaciones no reajustables en moneda nacional de menos de 90 días,Superiores al equivalente de 5.000 unidades de fomento,597.0
2020-09-01,Operaciones no reajustables en moneda nacional 90 días o más,Inferiores o iguales al equivalente de 50 unidades de fomento,3378.0
2020-09-01,Operaciones no reajustables en moneda nacional 90 días o más,Inferiores o iguales al equivalente de 200 unidades de fomento y superiores al equivalente de 50 unidades de fomento,2678.0
2020-09-01,Operaciones no reajustables en moneda nacional 90 días o más,Inferiores o iguales al equivalente de 5.000 unidades de fomento y superiores al equivalente de 200 unidades de fomento,1917.0
2020-09-01,,Operaciones cuyo mecanismo de pago consista en la deducción de las respectivas cuotas directamente de la pensión del deudor,1978.0
2020-09-01,Operaciones reajustables en moneda nacional,Menores a un año,415.0
2020-09-01,Operaciones reajustables en moneda nacional,De un año o más. Inferiores o iguales al equivalente de 2000 unidades de fomento,496.0
2020-09-01,Operaciones reajustables en moneda nacional,De un año o más. Superiores al equivalente de 2000 unidades de fomento,463.0
2020-09-01,Operaciones expresadas en moneda extranjera,Inferiores o iguales al equivalente de 2.000 unidades de fomento,9.0
2020-09-01,Operaciones expresadas en moneda extranjera,Superiores al equivalente de 2.000 unidades de fomento,6.0
2020-09-01,Operaciones no reajustables en moneda nacional 90 días o más,Superiores al equivalente de 5.000 unidades de fomento,466.0
2020-10-01,Operaciones no reajustables en moneda nacional de menos de 90 días,Inferiores o iguales al equivalente de 5.000 unidades de fomento,3243.0
2020-10-01,Operaciones no reajustables en moneda nacional de menos de 90 días,Superiores al equivalente de 5.000 unidades de fomento,561.0
2020-10-01,Operaciones no reajustables en moneda nacional 90 días o más,Inferiores o iguales al equivalente de 50 unidades de fomento,341.0
2020-10-01,Operaciones no reajustables en moneda nacional 90 días o más,Inferiores o iguales al equivalente de 200 unidades de fomento y superiores al equivalente de 50 unidades de fomento,271.0
2020-10-01,Operaciones no reajustables en moneda nacional 90 días o más,Inferiores o iguales al equivalente de 5.000 unidades de fomento y superiores al equivalente de 200 unidades de fomento,1965.0
2020-10-01,,Operaciones cuyo mecanismo de pago consista en la deducción de las respectivas cuotas directamente de la pensión del deudor,201.0
2020-10-01,Operaciones reajustables en moneda nacional,Menores a un año,38.0
2020-10-01,Operaciones reajustables en moneda nacional,De un año o más. Inferiores o iguales al equivalente de 2000 unidades de fomento,486.0
2020-10-01,Operaciones reajustables en moneda nacional,De un año o más. Superiores al equivalente de 2000 unidades de fomento,44.0
2020-10-01,Operaciones expresadas en moneda extranjera,Inferiores o iguales al equivalente de 2.000 unidades de fomento,825.0
2020-10-01,Operaciones expresadas en moneda extranjera,Superiores al equivalente de 2.000 unidades de fomento,545.0
2020-10-01,Operaciones no reajustables en moneda nacional 90 días o más,Superiores al equivalente de 5.000 unidades de fomento,481.0
2020-11-01,Operaciones no reajustables en moneda nacional de menos de 90 días,Superiores al equivalente de 5.000 unidades de fomento,642.0
2020-11-01,Operaciones no reajustables en moneda nacional 90 días o más,Inferiores o iguales al equivalente de 50 unidades de fomento,3408.0
2020-11-01,Operaciones no reajustables en moneda nacional 90 días o más,Inferiores o iguales al equivalente de 200 unidades de fomento y superiores al equivalente de 50 unidades de fomento,2708.0
2020-11-01,Operaciones no reajustables en moneda nacional 90 días o más,Inferiores o iguales al equivalente de 5.000 unidades de fomento y superiores al equivalente de 200 unidades de fomento,1962.0
2020-11-01,Operaciones no reajustables en moneda nacional 90 días o más,Superiores al equivalente de 5.000 unidades de fomento,47.0
2020-11-01,Operaciones no reajustables en moneda nacional de menos de 90 días,Inferiores o iguales al equivalente de 5.000 unidades de fomento,2973.0
2020-11-01,Operaciones reajustables en moneda nacional,De un año o más. Inferiores o iguales al equivalente de 2000 unidades de fomento,481.0
2020-11-01,Operaciones reajustables en moneda nacional,De un año o más. Superiores al equivalente de 2000 unidades de fomento,424.0
2020-11-01,Operaciones expresadas en moneda extranjera,Inferiores o iguales al equivalente de 2.000 unidades de fomento,93.0
2020-11-01,Operaciones expresadas en moneda extranjera,Superiores al equivalente de 2.000 unidades de fomento,52.0
2020-11-01,,Operaciones cuyo mecanismo de pago consista en la deducción de las respectivas cuotas directamente de la pensión del deudor,2008.0
2020-11-01,Operaciones reajustables en moneda nacional,Menores a un año,414.0
2020-12-01,Operaciones no reajustables en moneda nacional de menos de 90 días,Inferiores o iguales al equivalente de 5.000 unidades de fomento,2919.0
2020-12-01,Operaciones no reajustables en moneda nacional de menos de 90 días,Superiores al equivalente de 5.000 unidades de fomento,609.0
2020-12-01,Operaciones no reajustables en moneda nacional 90 días o más,Inferiores o iguales al equivalente de 50 unidades de fomento,3406.0
2020-12-01,Operaciones no reajustables en moneda nacional 90 días o más,Inferiores o iguales al equivalente de 200 unidades de fomento y superiores al equivalente de 50 unidades de fomento,2706.0
2020-12-01,Operaciones no reajustables en moneda nacional 90 días o más,Inferiores o iguales al equivalente de 5.000 unidades de fomento y superiores al equivalente de 200 unidades de fomento,1959.0
2020-12-01,,Operaciones cuyo mecanismo de pago consista en la deducción de las respectivas cuotas directamente de la pensión del deudor,2006.0
2020-12-01,Operaciones reajustables en moneda nacional,Menores a un año,407.0
2020-12-01,Operaciones reajustables en moneda nacional,De un año o más. Inferiores o iguales al equivalente de 2000 unidades de fomento,466.0
2020-12-01,Operaciones reajustables en moneda nacional,De un año o más. Superiores al equivalente de 2000 unidades de fomento,44.0
2020-12-01,Operaciones expresadas en moneda extranjera,Inferiores o iguales al equivalente de 2.000 unidades de fomento,828.0
2020-12-01,Operaciones expresadas en moneda extranjera,Superiores al equivalente de 2.000 unidades de fomento,502.0
2020-12-01,Operaciones no reajustables en moneda nacional 90 días o más,Superiores al equivalente de 5.000 unidades de fomento,507.0
2021-01-01,Operaciones no reajustables en moneda nacional de menos de 90 días,Inferiores o iguales al equivalente de 5.000 unidades de fomento,2874.0
2021-01-01,Operaciones no reajustables en moneda nacional 90 días o más,Inferiores o iguales al equivalente de 50 unidades de fomento,3428.0
2021-01-01,Operaciones no reajustables en moneda nacional 90 días o más,Inferiores o iguales al equivalente de 200 unidades de fomento y superiores al equivalente de 50 unidades de fomento,2728.0
2021-01-01,Operaciones no reajustables en moneda nacional 90 días o más,Inferiores o iguales al equivalente de 5.000 unidades de fomento y superiores al equivalente de 200 unidades de fomento,1992.0
2021-01-01,Operaciones no reajustables en moneda nacional 90 días o más,Superiores al equivalente de 5.000 unidades de fomento,481.0
2021-01-01,Operaciones expresadas en moneda extranjera,Superiores al equivalente de 2.000 unidades de fomento,47.0
2021-01-01,Operaciones reajustables en moneda nacional,De un año o más. Inferiores o iguales al equivalente de 2000 unidades de fomento,46.0
2021-01-01,Operaciones reajustables en moneda nacional,De un año o más. Superiores al equivalente de 2000 unidades de fomento,451.0
2021-01-01,Operaciones no reajustables en moneda nacional de menos de 90 días,Superiores al equivalente de 5.000 unidades de fomento,534.0
2021-01-01,,Operaciones cuyo mecanismo de pago consista en la deducción de las respectivas cuotas directamente de la pensión del deudor,2028.0
2021-01-01,Operaciones expresadas en moneda extranjera,Inferiores o iguales al equivalente de 2.000 unidades de fomento,828.0
2021-01-01,Operaciones reajustables en moneda nacional,Menores a un año,4.0
2021-02-01,Operaciones no reajustables en moneda nacional de menos de 90 días,Inferiores o iguales al equivalente de 5.000 unidades de fomento,2952.0
2021-02-01,Operaciones no reajustables en moneda nacional de menos de 90 días,Superiores al equivalente de 5.000 unidades de fomento,543.0
2021-02-01,Operaciones no reajustables en moneda nacional 90 días o más,Inferiores o iguales al equivalente de 50 unidades de fomento,3446.0
2021-02-01,Operaciones no reajustables en moneda nacional 90 días o más,Inferiores o iguales al equivalente de 200 unidades de fomento y superiores al equivalente de 50 unidades de fomento,2746.0
2021-02-01,Operaciones no reajustables en moneda nacional 90 días o más,Inferiores o iguales al equivalente de 5.000 unidades de fomento y superiores al equivalente de 200 unidades de fomento,2019.0
2021-02-01,,Operaciones cuyo mecanismo de pago consista en la deducción de las respectivas cuotas directamente de la pensión del deudor,2046.0
2021-02-01,Operaciones reajustables en moneda nacional,Menores a un año,389.0
2021-02-01,Operaciones reajustables en moneda nacional,De un año o más. Inferiores o iguales al equivalente de 2000 unidades de fomento,458.0
2021-02-01,Operaciones reajustables en moneda nacional,De un año o más. Superiores al equivalente de 2000 unidades de fomento,432.0
2021-02-01,Operaciones expresadas en moneda extranjera,Inferiores o iguales al equivalente de 2.000 unidades de fomento,807.0
2021-02-01,Operaciones expresadas en moneda extranjera,Superiores al equivalente de 2.000 unidades de fomento,462.0
2021-02-01,Operaciones no reajustables en moneda nacional 90 días o más,Superiores al equivalente de 5.000 unidades de fomento,499.0
2021-03-01,Operaciones no reajustables en moneda nacional de menos de 90 días,Inferiores o iguales al equivalente de 5.000 unidades de fomento,282.0
2021-03-01,Operaciones no reajustables en moneda nacional de menos de 90 días,Superiores al equivalente de 5.000 unidades de fomento,591.0
2021-03-01,Operaciones no reajustables en moneda nacional 90 días o más,Inferiores o iguales al equivalente de 50 unidades de fomento,3454.0
2021-03-01,Operaciones no reajustables en moneda nacional 90 días o más,Inferiores o iguales al equivalente de 200 unidades de fomento y superiores al equivalente de 50 unidades de fomento,2754.0
2021-03-01,Operaciones no reajustables en moneda nacional 90 días o más,Inferiores o iguales al equivalente de 5.000 unidades de fomento y superiores al equivalente de 200 unidades de fomento,2031.0
2021-03-01,,Operaciones cuyo mecanismo de pago consista en la deducción de las respectivas cuotas directamente de la pensión del deudor,2054.0
2021-03-01,Operaciones reajustables en moneda nacional,Menores a un año,408.0
2021-03-01,Operaciones reajustables en moneda nacional,De un año o más. Inferiores o iguales al equivalente de 2000 unidades de fomento,455.0
2021-03-01,Operaciones reajustables en moneda nacional,De un año o más. Superiores al equivalente de 2000 unidades de fomento,435.0
2021-03-01,Operaciones expresadas en moneda extranjera,Inferiores o iguales al equivalente de 2.000 unidades de fomento,873.0
2021-03-01,Operaciones expresadas en moneda extranjera,Superiores al equivalente de 2.000 unidades de fomento,471.0
2021-03-01,Operaciones no reajustables en moneda nacional 90 días o más,Superiores al equivalente de 5.000 unidades de fomento,519.0
2021-04-01,Operaciones no reajustables en moneda nacional de menos de 90 días,Inferiores o iguales al equivalente de 5.000 unidades de fomento,2836.0
2021-04-01,Operaciones no reajustables en moneda nacional de menos de 90 días,Superiores al equivalente de 5.000 unidades de fomento,528.0
2021-04-01,Operaciones no reajustables en moneda nacional 90 días o más,Inferiores o iguales al equivalente de 50 unidades de fomento,3326.0
2021-04-01,Operaciones no reajustables en moneda nacional 90 días o más,Inferiores o iguales al equivalente de 200 unidades de fomento y superiores al equivalente de 50 unidades de fomento,2626.0
2021-04-01,Operaciones no reajustables en moneda nacional 90 días o más,Inferiores o iguales al equivalente de 5.000 unidades de fomento y superiores al equivalente de 200 unidades de fomento,1839.0
2021-04-01,,Operaciones cuyo mecanismo de pago consista en la deducción de las respectivas cuotas directamente de la pensión del deudor,1926.0
2021-04-01,Operaciones reajustables en moneda nacional,Menores a un año,41.0
2021-04-01,Operaciones reajustables en moneda nacional,De un año o más. Inferiores o iguales al equivalente de 2000 unidades de fomento,454.0
2021-04-01,Operaciones reajustables en moneda nacional,De un año o más. Superiores al equivalente de 2000 unidades de fomento,429.0
2021-04-01,Operaciones expresadas en moneda extranjera,Inferiores o iguales al equivalente de 2.000 unidades de fomento,814.0
2021-04-01,Operaciones expresadas en moneda extranjera,Superiores al equivalente de 2.000 unidades de fomento,486.0
2021-04-01,Operaciones no reajustables en moneda nacional 90 días o más,Superiores al equivalente de 5.000 unidades de fomento,492.0
2021-05-01,Operaciones no reajustables en moneda nacional de menos de 90 días,Inferiores o iguales al equivalente de 5.000 unidades de fomento,291.0
2021-05-01,Operaciones no reajustables en moneda nacional de menos de 90 días,Superiores al equivalente de 5.000 unidades de fomento,528.0
2021-05-01,Operaciones no reajustables en moneda nacional 90 días o más,Inferiores o iguales al equivalente de 50 unidades de fomento,3367.0
2021-05-01,Operaciones no reajustables en moneda nacional 90 días o más,Inferiores o iguales al equivalente de 200 unidades de fomento y superiores al equivalente de 50 unidades de fomento,2667.0
2021-05-01,Operaciones no reajustables en moneda nacional 90 días o más,Inferiores o iguales al equivalente de 5.000 unidades de fomento y superiores al equivalente de 200 unidades de fomento,1902.0
2021-05-01,,Operaciones cuyo mecanismo de pago consista en la deducción de las respectivas cuotas directamente de la pensión del deudor,1967.0
2021-05-01,Operaciones reajustables en moneda nacional,Menores a un año,401.0
2021-05-01,Operaciones reajustables en moneda nacional,De un año o más. Inferiores o iguales al equivalente de 2000 unidades de fomento,459.0
2021-05-01,Operaciones reajustables en moneda nacional,De un año o más. Superiores al equivalente de 2000 unidades de fomento,434.0
2021-05-01,Operaciones expresadas en moneda extranjera,Inferiores o iguales al equivalente de 2.000 unidades de fomento,792.0
2021-05-01,Operaciones expresadas en moneda extranjera,Superiores al equivalente de 2.000 unidades de fomento,451.0
2021-05-01,Operaciones no reajustables en moneda nacional 90 días o más,Superiores al equivalente de 5.000 unidades de fomento,469.0
2021-06-01,Operaciones no reajustables en moneda nacional de menos de 90 días,Inferiores o iguales al equivalente de 5.000 unidades de fomento,2988.0
2021-06-01,Operaciones no reajustables en moneda nacional de menos de 90 días,Superiores al equivalente de 5.000 unidades de fomento,526.0
2021-06-01,Operaciones no reajustables en moneda nacional 90 días o más,Inferiores o iguales al equivalente de 50 unidades de fomento,3356.0
2021-06-01,Operaciones no reajustables en moneda nacional 90 días o más,Inferiores o iguales al equivalente de 200 unidades de fomento y superiores al equivalente de 50 unidades de fomento,2656.0
2021-06-01,Operaciones no reajustables en moneda nacional 90 días o más,Inferiores o iguales al equivalente de 5.000 unidades de fomento y superiores al equivalente de 200 unidades de fomento,1884.0
2021-06-01,,Operaciones cuyo mecanismo de pago consista en la deducción de las respectivas cuotas directamente de la pensión del deudor,1956.0
2021-06-01,Operaciones reajustables en moneda nacional,Menores a un año,404.0
2021-06-01,Operaciones reajustables en moneda nacional,De un año o más. Inferiores o iguales al equivalente de 2000 unidades de fomento,468.0
2021-06-01,Operaciones reajustables en moneda nacional,De un año o más. Superiores al equivalente de 2000 unidades de fomento,441.0
2021-06-01,Operaciones expresadas en moneda extranjera,Inferiores o iguales al equivalente de 2.000 unidades de fomento,84.0
2021-06-01,Operaciones expresadas en moneda extranjera,Superiores al equivalente de 2.000 unidades de fomento,475.0
2021-06-01,Operaciones no reajustables en moneda nacional 90 días o más,Superiores al equivalente de 5.000 unidades de fomento,509.0
2021-07-01,Operaciones no reajustables en moneda nacional de menos de 90 días,Superiores al equivalente de 5.000 unidades de fomento,561.0
2021-07-01,Operaciones no reajustables en moneda nacional 90 días o más,Inferiores o iguales al equivalente de 50 unidades de fomento,3348.0
2021-07-01,Operaciones no reajustables en moneda nacional 90 días o más,Inferiores o iguales al equivalente de 200 unidades de fomento y superiores al equivalente de 50 unidades de fomento,2648.0
2021-07-01,Operaciones no reajustables en moneda nacional 90 días o más,Inferiores o iguales al equivalente de 5.000 unidades de fomento y superiores al equivalente de 200 unidades de fomento,1872.0
2021-07-01,Operaciones no reajustables en moneda nacional 90 días o más,Superiores al equivalente de 5.000 unidades de fomento,489.0
2021-07-01,Operaciones no reajustables en moneda nacional de menos de 90 días,Inferiores o iguales al equivalente de 5.000 unidades de fomento,2973.0
2021-07-01,Operaciones reajustables en moneda nacional,De un año o más. Inferiores o iguales al equivalente de 2000 unidades de fomento,486.0
2021-07-01,Operaciones reajustables en moneda nacional,De un año o más. Superiores al equivalente de 2000 unidades de fomento,44.0
2021-07-01,Operaciones expresadas en moneda extranjera,Inferiores o iguales al equivalente de 2.000 unidades de fomento,738.0
2021-07-01,Operaciones expresadas en moneda extranjera,Superiores al equivalente de 2.000 unidades de fomento,434.0
2021-07-01,,Operaciones cuyo mecanismo de pago consista en la deducción de las respectivas cuotas directamente de la pensión del deudor,1948.0
2021-07-01,Operaciones reajustables en moneda nacional,Menores a un año,417.0
2021-08-01,Operaciones no reajustables en moneda nacional de menos de 90 días,Inferiores o iguales al equivalente de 5.000 unidades de fomento,315.0
2021-08-01,Operaciones no reajustables en moneda nacional de menos de 90 días,Superiores al equivalente de 5.000 unidades de fomento,562.0
2021-08-01,Operaciones no reajustables en moneda nacional 90 días o más,Inferiores o iguales al equivalente de 50 unidades de fomento,3398.0
2021-08-01,Operaciones no reajustables en moneda nacional 90 días o más,Inferiores o iguales al equivalente de 200 unidades de fomento y superiores al equivalente de 50 unidades de fomento,2698.0
2021-08-01,Operaciones no reajustables en moneda nacional 90 días o más,Inferiores o iguales al equivalente de 5.000 unidades de fomento y superiores al equivalente de 200 unidades de fomento,1947.0
2021-08-01,,Operaciones cuyo mecanismo de pago consista en la deducción de las respectivas cuotas directamente de la pensión del deudor,1998.0
2021-08-01,Operaciones reajustables en moneda nacional,Menores a un año,406.0
2021-08-01,Operaciones reajustables en moneda nacional,De un año o más. Inferiores o iguales al equivalente de 2000 unidades de fomento,52.0
2021-08-01,Operaciones reajustables en moneda nacional,De un año o más. Superiores al equivalente de 2000 unidades de fomento,483.0
2021-08-01,Operaciones expresadas en moneda extranjera,Inferiores o iguales al equivalente de 2.000 unidades de fomento,786.0
2021-08-01,Operaciones expresadas en moneda extranjera,Superiores al equivalente de 2.000 unidades de fomento,425.0
2021-08-01,Operaciones no reajustables en moneda nacional 90 días o más,Superiores al equivalente de 5.000 unidades de fomento,502.0
2021-09-01,Operaciones no reajustables en moneda nacional 90 días o más,Inferiores o iguales al equivalente de 50 unidades de fomento,3394.0
2021-09-01,Operaciones no reajustables en moneda nacional de menos de 90 días,Inferiores o iguales al equivalente de 5.000 unidades de fomento,3276.0
2021-09-01,Operaciones no reajustables en moneda nacional de menos de 90 días,Superiores al equivalente de 5.000 unidades de fomento,581.0
2021-09-01,Operaciones no reajustables en moneda nacional 90 días o más,Inferiores o iguales al equivalente de 200 unidades de fomento y superiores al equivalente de 50 unidades de fomento,2694.0
2021-09-01,Operaciones no reajustables en moneda nacional 90 días o más,Inferiores o iguales al equivalente de 5.000 unidades de fomento y superiores al equivalente de 200 unidades de fomento,1941.0
2021-09-01,,Operaciones cuyo mecanismo de pago consista en la deducción de las respectivas cuotas directamente de la pensión del deudor,1994.0
2021-09-01,Operaciones reajustables en moneda nacional,Menores a un año,426.0
2021-09-01,Operaciones reajustables en moneda nacional,De un año o más. Inferiores o iguales al equivalente de 2000 unidades de fomento,549.0
2021-09-01,Operaciones reajustables en moneda nacional,De un año o más. Superiores al equivalente de 2000 unidades de fomento,508.0
2021-09-01,Operaciones expresadas en moneda extranjera,Inferiores o iguales al equivalente de 2.000 unidades de fomento,747.0
2021-09-01,Operaciones expresadas en moneda extranjera,Superiores al equivalente de 2.000 unidades de fomento,442.0
2021-09-01,Operaciones no reajustables en moneda nacional 90 días o más,Superiores al equivalente de 5.000 unidades de fomento,579.0
2021-10-01,Operaciones no reajustables en moneda nacional 90 días o más,Superiores al equivalente de 5.000 unidades de fomento,598.0
2021-10-01,Operaciones no reajustables en moneda nacional de menos de 90 días,Superiores al equivalente de 5.000 unidades de fomento,684.0
2021-10-01,Operaciones no reajustables en moneda nacional 90 días o más,Inferiores o iguales al equivalente de 50 unidades de fomento,349.0
2021-10-01,Operaciones no reajustables en moneda nacional 90 días o más,Inferiores o iguales al equivalente de 200 unidades de fomento y superiores al equivalente de 50 unidades de fomento,279.0
2021-10-01,Operaciones no reajustables en moneda nacional 90 días o más,Inferiores o iguales al equivalente de 5.000 unidades de fomento y superiores al equivalente de 200 unidades de fomento,2085.0
2021-10-01,Operaciones no reajustables en moneda nacional 90 días o más,Superiores al equivalente de 5.000 unidades de fomento,972.0
2021-10-01,Operaciones no reajustables en moneda nacional de menos de 90 días,Inferiores o iguales al equivalente de 5.000 unidades de fomento,3585.0
2021-10-01,Operaciones reajustables en moneda nacional,De un año o más. Inferiores o iguales al equivalente de 2000 unidades de fomento,578.0
2021-10-01,Operaciones reajustables en moneda nacional,De un año o más. Superiores al equivalente de 2000 unidades de fomento,535.0
2021-10-01,Operaciones expresadas en moneda extranjera,Inferiores o iguales al equivalente de 2.000 unidades de fomento,831.0
2021-10-01,Operaciones expresadas en moneda extranjera,Superiores al equivalente de 2.000 unidades de fomento,407.0
2021-10-01,,Operaciones cuyo mecanismo de pago consista en la deducción de las respectivas cuotas directamente de la pensión del deudor,209.0
2021-10-01,Operaciones reajustables en moneda nacional,Menores a un año,432.0
2021-11-01,Operaciones no reajustables en moneda nacional de menos de 90 días,Inferiores o iguales al equivalente de 5.000 unidades de fomento,3954.0
2021-11-01,Operaciones no reajustables en moneda nacional de menos de 90 días,Superiores al equivalente de 5.000 unidades de fomento,828.0
2021-11-01,Operaciones no reajustables en moneda nacional 90 días o más,Inferiores o iguales al equivalente de 50 unidades de fomento,3584.0
2021-11-01,Operaciones no reajustables en moneda nacional 90 días o más,Inferiores o iguales al equivalente de 200 unidades de fomento y superiores al equivalente de 50 unidades de fomento,2884.0
2021-11-01,Operaciones no reajustables en moneda nacional 90 días o más,Inferiores o iguales al equivalente de 5.000 unidades de fomento y superiores al equivalente de 200 unidades de fomento,2226.0
2021-11-01,,Operaciones cuyo mecanismo de pago consista en la deducción de las respectivas cuotas directamente de la pensión del deudor,2184.0
2021-11-01,Operaciones reajustables en moneda nacional,Menores a un año,416.0
2021-11-01,Operaciones reajustables en moneda nacional,De un año o más. Inferiores o iguales al equivalente de 2000 unidades de fomento,624.0
2021-11-01,Operaciones reajustables en moneda nacional,De un año o más. Superiores al equivalente de 2000 unidades de fomento,557.0
2021-11-01,Operaciones expresadas en moneda extranjera,Inferiores o iguales al equivalente de 2.000 unidades de fomento,807.0
2021-11-01,Operaciones expresadas en moneda extranjera,Superiores al equivalente de 2.000 unidades de fomento,415.0
2021-11-01,Operaciones no reajustables en moneda nacional 90 días o más,Superiores al equivalente de 5.000 unidades de fomento,78.0
2021-12-01,Operaciones no reajustables en moneda nacional 90 días o más,Inferiores o iguales al equivalente de 200 unidades de fomento y superiores al equivalente de 50 unidades de fomento,2974.0
2021-12-01,Operaciones no reajustables en moneda nacional 90 días o más,Inferiores o iguales al equivalente de 5.000 unidades de fomento y superiores al equivalente de 200 unidades de fomento,2361.0
2021-12-01,Operaciones no reajustables en moneda nacional 90 días o más,Superiores al equivalente de 5.000 unidades de fomento,948.0
2021-12-01,Operaciones reajustables en moneda nacional,Menores a un año,43.0
2021-12-01,Operaciones reajustables en moneda nacional,De un año o más. Inferiores o iguales al equivalente de 2000 unidades de fomento,681.0
2021-12-01,Operaciones no reajustables en moneda nacional 90 días o más,Inferiores o iguales al equivalente de 50 unidades de fomento,3674.0
2021-12-01,Operaciones expresadas en moneda extranjera,Inferiores o iguales al equivalente de 2.000 unidades de fomento,823.0
2021-12-01,Operaciones expresadas en moneda extranjera,Superiores al equivalente de 2.000 unidades de fomento,461.0
2021-12-01,,Operaciones cuyo mecanismo de pago consista en la deducción de las respectivas cuotas directamente de la pensión del deudor,2274.0
2021-12-01,Operaciones no reajustables en moneda nacional de menos de 90 días,Inferiores o iguales al equivalente de 5.000 unidades de fomento,4374.0
2021-12-01,Operaciones no reajustables en moneda nacional de menos de 90 días,Superiores al equivalente de 5.000 unidades de fomento,903.0
2021-12-01,Operaciones reajustables en moneda nacional,De un año o más. Superiores al equivalente de 2000 unidades de fomento,544.0
2022-01-01,Operaciones no reajustables en moneda nacional de menos de 90 días,Inferiores o iguales al equivalente de 5.000 unidades de fomento,4431.0
2022-01-01,Operaciones no reajustables en moneda nacional de menos de 90 días,Superiores al equivalente de 5.000 unidades de fomento,972.0
2022-01-01,Operaciones no reajustables en moneda nacional 90 días o más,Inferiores o iguales al equivalente de 50 unidades de fomento,3766.0
2022-01-01,Operaciones no reajustables en moneda nacional 90 días o más,Inferiores o iguales al equivalente de 200 unidades de fomento y superiores al equivalente de 50 unidades de fomento,3066.0
2022-01-01,Operaciones no reajustables en moneda nacional 90 días o más,Inferiores o iguales al equivalente de 5.000 unidades de fomento y superiores al equivalente de 200 unidades de fomento,2499.0
2022-01-01,,Operaciones cuyo mecanismo de pago consista en la deducción de las respectivas cuotas directamente de la pensión del deudor,2366.0
2022-01-01,Operaciones reajustables en moneda nacional,Menores a un año,44.0
2022-01-01,Operaciones reajustables en moneda nacional,De un año o más. Inferiores o iguales al equivalente de 2000 unidades de fomento,69.0
2022-01-01,Operaciones reajustables en moneda nacional,De un año o más. Superiores al equivalente de 2000 unidades de fomento,603.0
2022-01-01,Operaciones expresadas en moneda extranjera,Inferiores o iguales al equivalente de 2.000 unidades de fomento,756.0
2022-01-01,Operaciones expresadas en moneda extranjera,Superiores al equivalente de 2.000 unidades de fomento,447.0
2022-01-01,Operaciones no reajustables en moneda nacional 90 días o más,Superiores al equivalente de 5.000 unidades de fomento,1001.0
2022-02-01,Operaciones no reajustables en moneda nacional de menos de 90 días,Inferiores o iguales al equivalente de 5.000 unidades de fomento,5082.0
2022-02-01,Operaciones no reajustables en moneda nacional de menos de 90 días,Superiores al equivalente de 5.000 unidades de fomento,1029.0
2022-02-01,Operaciones no reajustables en moneda nacional 90 días o más,Inferiores o iguales al equivalente de 50 unidades de fomento,3842.0
2022-02-01,Operaciones no reajustables en moneda nacional 90 días o más,Inferiores o iguales al equivalente de 200 unidades de fomento y superiores al equivalente de 50 unidades de fomento,3142.0
2022-02-01,Operaciones no reajustables en moneda nacional 90 días o más,Inferiores o iguales al equivalente de 5.000 unidades de fomento y superiores al equivalente de 200 unidades de fomento,2613.0
2022-02-01,,Operaciones cuyo mecanismo de pago consista en la deducción de las respectivas cuotas directamente de la pensión del deudor,2442.0
2022-02-01,Operaciones reajustables en moneda nacional,Menores a un año,453.0
2022-02-01,Operaciones reajustables en moneda nacional,De un año o más. Inferiores o iguales al equivalente de 2000 unidades de fomento,696.0
2022-02-01,Operaciones reajustables en moneda nacional,De un año o más. Superiores al equivalente de 2000 unidades de fomento,618.0
2022-02-01,Operaciones expresadas en moneda extranjera,Inferiores o iguales al equivalente de 2.000 unidades de fomento,828.0
2022-02-01,Operaciones expresadas en moneda extranjera,Superiores al equivalente de 2.000 unidades de fomento,452.0
2022-02-01,Operaciones no reajustables en moneda nacional 90 días o más,Superiores al equivalente de 5.000 unidades de fomento,1077.0
2022-03-01,,Operaciones cuyo mecanismo de pago consista en la deducción de las respectivas cuotas directamente de la pensión del deudor,2516.0
2022-03-01,Operaciones no reajustables en moneda nacional de menos de 90 días,Inferiores o iguales al equivalente de 5.000 unidades de fomento,4818.0
2022-03-01,Operaciones no reajustables en moneda nacional de menos de 90 días,Superiores al equivalente de 5.000 unidades de fomento,123.0
2022-03-01,Operaciones no reajustables en moneda nacional 90 días o más,Inferiores o iguales al equivalente de 50 unidades de fomento,3916.0
2022-03-01,Operaciones no reajustables en moneda nacional 90 días o más,Inferiores o iguales al equivalente de 200 unidades de fomento y superiores al equivalente de 50 unidades de fomento,3216.0
2022-03-01,Operaciones expresadas en moneda extranjera,Superiores al equivalente de 2.000 unidades de fomento,442.0
2022-03-01,Operaciones no reajustables en moneda nacional 90 días o más,Superiores al equivalente de 5.000 unidades de fomento,1242.0
2022-03-01,Operaciones reajustables en moneda nacional,Menores a un año,501.0
2022-03-01,Operaciones reajustables en moneda nacional,De un año o más. Inferiores o iguales al equivalente de 2000 unidades de fomento,714.0
2022-03-01,Operaciones reajustables en moneda nacional,De un año o más. Superiores al equivalente de 2000 unidades de fomento,645.0
2022-03-01,Operaciones expresadas en moneda extranjera,Inferiores o iguales al equivalente de 2.000 unidades de fomento,876.0
2022-03-01,Operaciones no reajustables en moneda nacional 90 días o más,Inferiores o iguales al equivalente de 5.000 unidades de fomento y superiores al equivalente de 200 unidades de fomento,2724.0
2022-04-01,Operaciones no reajustables en moneda nacional 90 días o más,Inferiores o iguales al equivalente de 50 unidades de fomento,3916.0
2022-04-01,Operaciones no reajustables en moneda nacional de menos de 90 días,Superiores al equivalente de 5.000 unidades de fomento,1353.0
2022-04-01,Operaciones no reajustables en moneda nacional de menos de 90 días,Inferiores o iguales al equivalente de 5.000 unidades de fomento,5109.0
2022-04-01,Operaciones no reajustables en moneda nacional 90 días o más,Inferiores o iguales al equivalente de 200 unidades de fomento y superiores al equivalente de 50 unidades de fomento,3216.0
2022-04-01,Operaciones no reajustables en moneda nacional 90 días o más,Inferiores o iguales al equivalente de 5.000 unidades de fomento y superiores al equivalente de 200 unidades de fomento,2724.0
2022-04-01,,Operaciones cuyo mecanismo de pago consista en la deducción de las respectivas cuotas directamente de la pensión del deudor,2516.0
2022-04-01,Operaciones reajustables en moneda nacional,Menores a un año,468.0
2022-04-01,Operaciones reajustables en moneda nacional,De un año o más. Inferiores o iguales al equivalente de 2000 unidades de fomento,714.0
2022-04-01,Operaciones reajustables en moneda nacional,De un año o más. Superiores al equivalente de 2000 unidades de fomento,581.0
2022-04-01,Operaciones expresadas en moneda extranjera,Inferiores o iguales al equivalente de 2.000 unidades de fomento,939.0
2022-04-01,Operaciones expresadas en moneda extranjera,Superiores al equivalente de 2.000 unidades de fomento,503.0
2022-04-01,Operaciones no reajustables en moneda nacional 90 días o más,Superiores al equivalente de 5.000 unidades de fomento,1402.0
2022-05-01,Operaciones no reajustables en moneda nacional de menos de 90 días,Inferiores o iguales al equivalente de 5.000 unidades de fomento,5808.0
2022-05-01,Operaciones no reajustables en moneda nacional de menos de 90 días,Superiores al equivalente de 5.000 unidades de fomento,1521.0
2022-05-01,Operaciones no reajustables en moneda nacional 90 días o más,Inferiores o iguales al equivalente de 50 unidades de fomento,401.0
2022-05-01,Operaciones no reajustables en moneda nacional 90 días o más,Inferiores o iguales al equivalente de 200 unidades de fomento y superiores al equivalente de 50 unidades de fomento,331.0
2022-05-01,Operaciones no reajustables en moneda nacional 90 días o más,Inferiores o iguales al equivalente de 5.000 unidades de fomento y superiores al equivalente de 200 unidades de fomento,2865.0
2022-05-01,,Operaciones cuyo mecanismo de pago consista en la deducción de las respectivas cuotas directamente de la pensión del deudor,261.0
2022-05-01,Operaciones reajustables en moneda nacional,Menores a un año,432.0
2022-05-01,Operaciones reajustables en moneda nacional,De un año o más. Inferiores o iguales al equivalente de 2000 unidades de fomento,705.0
2022-05-01,Operaciones reajustables en moneda nacional,De un año o más. Superiores al equivalente de 2000 unidades de fomento,565.0
2022-05-01,Operaciones expresadas en moneda extranjera,Inferiores o iguales al equivalente de 2.000 unidades de fomento,897.0
2022-05-01,Operaciones expresadas en moneda extranjera,Superiores al equivalente de 2.000 unidades de fomento,519.0
2022-05-01,Operaciones no reajustables en moneda nacional 90 días o más,Superiores al equivalente de 5.000 unidades de fomento,1458.0
2022-06-01,Operaciones no reajustables en moneda nacional de menos de 90 días,Inferiores o iguales al equivalente de 5.000 unidades de fomento,6114.0
2022-06-01,Operaciones no reajustables en moneda nacional 90 días o más,Inferiores o iguales al equivalente de 50 unidades de fomento,4044.0
2022-06-01,Operaciones no reajustables en moneda nacional de menos de 90 días,Superiores al equivalente de 5.000 unidades de fomento,1569.0
2022-06-01,Operaciones no reajustables en moneda nacional 90 días o más,Inferiores o iguales al equivalente de 200 unidades de fomento y superiores al equivalente de 50 unidades de fomento,3344.0
2022-06-01,Operaciones no reajustables en moneda nacional 90 días o más,Inferiores o iguales al equivalente de 5.000 unidades de fomento y superiores al equivalente de 200 unidades de fomento,2916.0
2022-06-01,,Operaciones cuyo mecanismo de pago consista en la deducción de las respectivas cuotas directamente de la pensión del deudor,2644.0
2022-06-01,Operaciones reajustables en moneda nacional,Menores a un año,453.0
2022-06-01,Operaciones reajustables en moneda nacional,De un año o más. Inferiores o iguales al equivalente de 2000 unidades de fomento,687.0
2022-06-01,Operaciones reajustables en moneda nacional,De un año o más. Superiores al equivalente de 2000 unidades de fomento,612.0
2022-06-01,Operaciones expresadas en moneda extranjera,Inferiores o iguales al equivalente de 2.000 unidades de fomento,933.0
2022-06-01,Operaciones expresadas en moneda extranjera,Superiores al equivalente de 2.000 unidades de fomento,54.0
2022-06-01,Operaciones no reajustables en moneda nacional 90 días o más,Superiores al equivalente de 5.000 unidades de fomento,1599.0
2022-07-01,Operaciones no reajustables en moneda nacional de menos de 90 días,Inferiores o iguales al equivalente de 5.000 unidades de fomento,6363.0
2022-07-01,Operaciones no reajustables en moneda nacional de menos de 90 días,Superiores al equivalente de 5.000 unidades de fomento,171.0
2022-07-01,Operaciones no reajustables en moneda nacional 90 días o más,Inferiores o iguales al equivalente de 50 unidades de fomento,4084.0
2022-07-01,Operaciones no reajustables en moneda nacional 90 días o más,Inferiores o iguales al equivalente de 200 unidades de fomento y superiores al equivalente de 50 unidades de fomento,3384.0
2022-07-01,Operaciones no reajustables en moneda nacional 90 días o más,Inferiores o iguales al equivalente de 5.000 unidades de fomento y superiores al equivalente de 200 unidades de fomento,2976.0
2022-07-01,,Operaciones cuyo mecanismo de pago consista en la deducción de las respectivas cuotas directamente de la pensión del deudor,2684.0
2022-07-01,Operaciones reajustables en moneda nacional,Menores a un año,457.0
2022-07-01,Operaciones reajustables en moneda nacional,De un año o más. Inferiores o iguales al equivalente de 2000 unidades de fomento,669.0
2022-07-01,Operaciones reajustables en moneda nacional,De un año o más. Superiores al equivalente de 2000 unidades de fomento,596.0
2022-07-01,Operaciones expresadas en moneda extranjera,Inferiores o iguales al equivalente de 2.000 unidades de fomento,1008.0
2022-07-01,Operaciones expresadas en moneda extranjera,Superiores al equivalente de 2.000 unidades de fomento,63.0
2022-07-01,Operaciones no reajustables en moneda nacional 90 días o más,Superiores al equivalente de 5.000 unidades de fomento,1677.0
2022-08-01,Operaciones no reajustables en moneda nacional 90 días o más,Inferiores o iguales al equivalente de 200 unidades de fomento y superiores al equivalente de 50 unidades de fomento,3408.0
2022-08-01,Operaciones no reajustables en moneda nacional 90 días o más,Inferiores o iguales al equivalente de 5.000 unidades de fomento y superiores al equivalente de 200 unidades de fomento,3012.0
2022-08-01,Operaciones no reajustables en moneda nacional 90 días o más,Inferiores o iguales al equivalente de 50 unidades de fomento,4108.0
2022-08-01,Operaciones no reajustables en moneda nacional 90 días o más,Superiores al equivalente de 5.000 unidades de fomento,1806.0
2022-08-01,Operaciones reajustables en moneda nacional,Menores a un año,455.0
2022-08-01,Operaciones no reajustables en moneda nacional de menos de 90 días,Inferiores o iguales al equivalente de 5.000 unidades de fomento,6453.0
2022-08-01,Operaciones reajustables en moneda nacional,De un año o más. Superiores al equivalente de 2000 unidades de fomento,576.0
2022-08-01,Operaciones expresadas en moneda extranjera,Inferiores o iguales al equivalente de 2.000 unidades de fomento,1233.0
2022-08-01,Operaciones expresadas en moneda extranjera,Superiores al equivalente de 2.000 unidades de fomento,684.0
2022-08-01,,Operaciones cuyo mecanismo de pago consista en la deducción de las respectivas cuotas directamente de la pensión del deudor,2708.0
2022-08-01,Operaciones no reajustables en moneda nacional de menos de 90 días,Superiores al equivalente de 5.000 unidades de fomento,1866.0
2022-08-01,Operaciones reajustables en moneda nacional,De un año o más. Inferiores o iguales al equivalente de 2000 unidades de fomento,66.0
2022-09-01,Operaciones no reajustables en moneda nacional de menos de 90 días,Inferiores o iguales al equivalente de 5.000 unidades de fomento,6693.0
2022-09-01,Operaciones no reajustables en moneda nacional de menos de 90 días,Superiores al equivalente de 5.000 unidades de fomento,2031.0
2022-09-01,Operaciones no reajustables en moneda nacional 90 días o más,Inferiores o iguales al equivalente de 50 unidades de fomento,4114.0
2022-09-01,Operaciones no reajustables en moneda nacional 90 días o más,Inferiores o iguales al equivalente de 200 unidades de fomento y superiores al equivalente de 50 unidades de fomento,3414.0
2022-09-01,Operaciones no reajustables en moneda nacional 90 días o más,Inferiores o iguales al equivalente de 5.000 unidades de fomento y superiores al equivalente de 200 unidades de fomento,3021.0
2022-09-01,,Operaciones cuyo mecanismo de pago consista en la deducción de las respectivas cuotas directamente de la pensión del deudor,2714.0
2022-09-01,Operaciones reajustables en moneda nacional,Menores a un año,475.0
2022-09-01,Operaciones reajustables en moneda nacional,De un año o más. Inferiores o iguales al equivalente de 2000 unidades de fomento,645.0
2022-09-01,Operaciones reajustables en moneda nacional,De un año o más. Superiores al equivalente de 2000 unidades de fomento,624.0
2022-09-01,Operaciones expresadas en moneda extranjera,Inferiores o iguales al equivalente de 2.000 unidades de fomento,1149.0
2022-09-01,Operaciones expresadas en moneda extranjera,Superiores al equivalente de 2.000 unidades de fomento,717.0
2022-09-01,Operaciones no reajustables en moneda nacional 90 días o más,Superiores al equivalente de 5.000 unidades de fomento,186.0
2022-10-01,Operaciones no reajustables en moneda nacional de menos de 90 días,Inferiores o iguales al equivalente de 5.000 unidades de fomento,6864.0
2022-10-01,Operaciones no reajustables en moneda nacional de menos de 90 días,Superiores al equivalente de 5.000 unidades de fomento,1947.0
2022-10-01,Operaciones no reajustables en moneda nacional 90 días o más,Inferiores o iguales al equivalente de 50 unidades de fomento,4192.0
2022-10-01,Operaciones no reajustables en moneda nacional 90 días o más,Inferiores o iguales al equivalente de 200 unidades de fomento y superiores al equivalente de 50 unidades de fomento,3492.0
2022-10-01,Operaciones no reajustables en moneda nacional 90 días o más,Inferiores o iguales al equivalente de 5.000 unidades de fomento y superiores al equivalente de 200 unidades de fomento,3138.0
2022-10-01,,Operaciones cuyo mecanismo de pago consista en la deducción de las respectivas cuotas directamente de la pensión del deudor,2792.0
2022-10-01,Operaciones reajustables en moneda nacional,Menores a un año,498.0
2022-10-01,Operaciones reajustables en moneda nacional,De un año o más. Inferiores o iguales al equivalente de 2000 unidades de fomento,648.0
2022-10-01,Operaciones reajustables en moneda nacional,De un año o más. Superiores al equivalente de 2000 unidades de fomento,612.0
2022-10-01,Operaciones expresadas en moneda extranjera,Inferiores o iguales al equivalente de 2.000 unidades de fomento,1251.0
2022-10-01,Operaciones expresadas en moneda extranjera,Superiores al equivalente de 2.000 unidades de fomento,819.0
2022-10-01,Operaciones no reajustables en moneda nacional 90 días o más,Superiores al equivalente de 5.000 unidades de fomento,1929.0
2022-11-01,Operaciones no reajustables en moneda nacional de menos de 90 días,Inferiores o iguales al equivalente de 5.000 unidades de fomento,6969.0
2022-11-01,Operaciones no reajustables en moneda nacional de menos de 90 días,Superiores al equivalente de 5.000 unidades de fomento,2118.0
2022-11-01,Operaciones no reajustables en moneda nacional 90 días o más,Inferiores o iguales al equivalente de 50 unidades de fomento,425.0
2022-11-01,Operaciones no reajustables en moneda nacional 90 días o más,Inferiores o iguales al equivalente de 200 unidades de fomento y superiores al equivalente de 50 unidades de fomento,355.0
2022-11-01,Operaciones no reajustables en moneda nacional 90 días o más,Inferiores o iguales al equivalente de 5.000 unidades de fomento y superiores al equivalente de 200 unidades de fomento,3225.0
2022-11-01,,Operaciones cuyo mecanismo de pago consista en la deducción de las respectivas cuotas directamente de la pensión del deudor,285.0
2022-11-01,Operaciones reajustables en moneda nacional,Menores a un año,6.0
2022-11-01,Operaciones reajustables en moneda nacional,De un año o más. Inferiores o iguales al equivalente de 2000 unidades de fomento,678.0
2022-11-01,Operaciones reajustables en moneda nacional,De un año o más. Superiores al equivalente de 2000 unidades de fomento,702.0
2022-11-01,Operaciones expresadas en moneda extranjera,Inferiores o iguales al equivalente de 2.000 unidades de fomento,1422.0
2022-11-01,Operaciones expresadas en moneda extranjera,Superiores al equivalente de 2.000 unidades de fomento,87.0
2022-11-01,Operaciones no reajustables en moneda nacional 90 días o más,Superiores al equivalente de 5.000 unidades de fomento,1944.0
2022-12-01,Operaciones no reajustables en moneda nacional de menos de 90 días,Inferiores o iguales al equivalente de 5.000 unidades de fomento,6993.0
2022-12-01,Operaciones no reajustables en moneda nacional de menos de 90 días,Superiores al equivalente de 5.000 unidades de fomento,2082.0
2022-12-01,Operaciones no reajustables en moneda nacional 90 días o más,Inferiores o iguales al equivalente de 50 unidades de fomento,422.0
2022-12-01,Operaciones no reajustables en moneda nacional 90 días o más,Inferiores o iguales al equivalente de 200 unidades de fomento y superiores al equivalente de 50 unidades de fomento,352.0
2022-12-01,Operaciones no reajustables en moneda nacional 90 días o más,Inferiores o iguales al equivalente de 5.000 unidades de fomento y superiores al equivalente de 200 unidades de fomento,318.0
2022-12-01,,Operaciones cuyo mecanismo de pago consista en la deducción de las respectivas cuotas directamente de la pensión del deudor,282.0
2022-12-01,Operaciones reajustables en moneda nacional,Menores a un año,663.0
2022-12-01,Operaciones reajustables en moneda nacional,De un año o más. Inferiores o iguales al equivalente de 2000 unidades de fomento,699.0
2022-12-01,Operaciones reajustables en moneda nacional,De un año o más. Superiores al equivalente de 2000 unidades de fomento,726.0
2022-12-01,Operaciones expresadas en moneda extranjera,Inferiores o iguales al equivalente de 2.000 unidades de fomento,1479.0
2022-12-01,Operaciones expresadas en moneda extranjera,Superiores al equivalente de 2.000 unidades de fomento,978.0
2022-12-01,Operaciones no reajustables en moneda nacional 90 días o más,Superiores al equivalente de 5.000 unidades de fomento,1959.0
2023-01-01,Operaciones no reajustables en moneda nacional de menos de 90 días,Inferiores o iguales al equivalente de 5.000 unidades de fomento,6516.0
2023-01-01,Operaciones no reajustables en moneda nacional de menos de 90 días,Superiores al equivalente de 5.000 unidades de fomento,2226.0
2023-01-01,Operaciones no reajustables en moneda nacional 90 días o más,Inferiores o iguales al equivalente de 50 unidades de fomento,427.0
2023-01-01,Operaciones no reajustables en moneda nacional 90 días o más,Inferiores o iguales al equivalente de 200 unidades de fomento y superiores al equivalente de 50 unidades de fomento,357.0
2023-01-01,Operaciones no reajustables en moneda nacional 90 días o más,Inferiores o iguales al equivalente de 5.000 unidades de fomento y superiores al equivalente de 200 unidades de fomento,3255.0
2023-01-01,,Operaciones cuyo mecanismo de pago consista en la deducción de las respectivas cuotas directamente de la pensión del deudor,287.0
2023-01-01,Operaciones reajustables en moneda nacional,Menores a un año,765.0
2023-01-01,Operaciones reajustables en moneda nacional,De un año o más. Inferiores o iguales al equivalente de 2000 unidades de fomento,678.0
2023-01-01,Operaciones reajustables en moneda nacional,De un año o más. Superiores al equivalente de 2000 unidades de fomento,711.0
2023-01-01,Operaciones expresadas en moneda extranjera,Inferiores o iguales al equivalente de 2.000 unidades de fomento,15.0
2023-01-01,Operaciones expresadas en moneda extranjera,Superiores al equivalente de 2.000 unidades de fomento,1062.0
2023-01-01,Operaciones no reajustables en moneda nacional 90 días o más,Superiores al equivalente de 5.000 unidades de fomento,2001.0
2023-02-01,Operaciones no reajustables en moneda nacional de menos de 90 días,Inferiores o iguales al equivalente de 5.000 unidades de fomento,6078.0
2023-02-01,Operaciones no reajustables en moneda nacional de menos de 90 días,Superiores al equivalente de 5.000 unidades de fomento,2262.0
2023-02-01,Operaciones no reajustables en moneda nacional 90 días o más,Inferiores o iguales al equivalente de 50 unidades de fomento,4218.0
2023-02-01,Operaciones no reajustables en moneda nacional 90 días o más,Inferiores o iguales al equivalente de 200 unidades de fomento y superiores al equivalente de 50 unidades de fomento,3518.0
2023-02-01,Operaciones no reajustables en moneda nacional 90 días o más,Inferiores o iguales al equivalente de 5.000 unidades de fomento y superiores al equivalente de 200 unidades de fomento,3177.0
2023-02-01,,Operaciones cuyo mecanismo de pago consista en la deducción de las respectivas cuotas directamente de la pensión del deudor,2818.0
2023-02-01,Operaciones reajustables en moneda nacional,Menores a un año,1014.0
2023-02-01,Operaciones reajustables en moneda nacional,De un año o más. Inferiores o iguales al equivalente de 2000 unidades de fomento,645.0
2023-02-01,Operaciones reajustables en moneda nacional,De un año o más. Superiores al equivalente de 2000 unidades de fomento,702.0
2023-02-01,Operaciones expresadas en moneda extranjera,Inferiores o iguales al equivalente de 2.000 unidades de fomento,1551.0
2023-02-01,Operaciones expresadas en moneda extranjera,Superiores al equivalente de 2.000 unidades de fomento,1029.0
2023-02-01,Operaciones no reajustables en moneda nacional 90 días o más,Superiores al equivalente de 5.000 unidades de fomento,2046.0
2023-03-01,,Operaciones cuyo mecanismo de pago consista en la deducción de las respectivas cuotas directamente de la pensión del deudor,2888.0
2023-03-01,Operaciones no reajustables en moneda nacional de menos de 90 días,Inferiores o iguales al equivalente de 5.000 unidades de fomento,6264.0
2023-03-01,Operaciones no reajustables en moneda nacional de menos de 90 días,Superiores al equivalente de 5.000 unidades de fomento,2337.0
2023-03-01,Operaciones no reajustables en moneda nacional 90 días o más,Inferiores o iguales al equivalente de 50 unidades de fomento,4288.0
2023-03-01,Operaciones no reajustables en moneda nacional 90 días o más,Inferiores o iguales al equivalente de 200 unidades de fomento y superiores al equivalente de 50 unidades de fomento,3588.0
2023-03-01,Operaciones expresadas en moneda extranjera,Superiores al equivalente de 2.000 unidades de fomento,1081.0
2023-03-01,Operaciones no reajustables en moneda nacional 90 días o más,Superiores al equivalente de 5.000 unidades de fomento,2172.0
2023-03-01,Operaciones reajustables en moneda nacional,Menores a un año,1041.0
2023-03-01,Operaciones reajustables en moneda nacional,De un año o más. Inferiores o iguales al equivalente de 2000 unidades de fomento,639.0
2023-03-01,Operaciones reajustables en moneda nacional,De un año o más. Superiores al equivalente de 2000 unidades de fomento,663.0
2023-03-01,Operaciones expresadas en moneda extranjera,Inferiores o iguales al equivalente de 2.000 unidades de fomento,1599.0
2023-03-01,Operaciones no reajustables en moneda nacional 90 días o más,Inferiores o iguales al equivalente de 5.000 unidades de fomento y superiores al equivalente de 200 unidades de fomento,3282.0
2023-04-01,Operaciones no reajustables en moneda nacional de menos de 90 días,Inferiores o iguales al equivalente de 5.000 unidades de fomento,6225.0
2023-04-01,Operaciones no reajustables en moneda nacional de menos de 90 días,Superiores al equivalente de 5.000 unidades de fomento,2193.0
2023-04-01,Operaciones no reajustables en moneda nacional 90 días o más,Inferiores o iguales al equivalente de 50 unidades de fomento,4228.0
2023-04-01,Operaciones no reajustables en moneda nacional 90 días o más,Inferiores o iguales al equivalente de 200 unidades de fomento y superiores al equivalente de 50 unidades de fomento,3528.0
2023-04-01,Operaciones no reajustables en moneda nacional 90 días o más,Inferiores o iguales al equivalente de 5.000 unidades de fomento y superiores al equivalente de 200 unidades de fomento,3192.0
2023-04-01,,Operaciones cuyo mecanismo de pago consista en la deducción de las respectivas cuotas directamente de la pensión del deudor,2828.0
2023-04-01,Operaciones reajustables en moneda nacional,Menores a un año,1083.0
2023-04-01,Operaciones reajustables en moneda nacional,De un año o más. Inferiores o iguales al equivalente de 2000 unidades de fomento,636.0
2023-04-01,Operaciones reajustables en moneda nacional,De un año o más. Superiores al equivalente de 2000 unidades de fomento,723.0
2023-04-01,Operaciones expresadas en moneda extranjera,Inferiores o iguales al equivalente de 2.000 unidades de fomento,1557.0
2023-04-01,Operaciones expresadas en moneda extranjera,Superiores al equivalente de 2.000 unidades de fomento,1074.0
2023-04-01,Operaciones no reajustables en moneda nacional 90 días o más,Superiores al equivalente de 5.000 unidades de fomento,2211.0
2023-05-01,Operaciones no reajustables en moneda nacional de menos de 90 días,Inferiores o iguales al equivalente de 5.000 unidades de fomento,6288.0
2023-05-01,Operaciones no reajustables en moneda nacional de menos de 90 días,Superiores al equivalente de 5.000 unidades de fomento,2091.0
2023-05-01,Operaciones no reajustables en moneda nacional 90 días o más,Inferiores o iguales al equivalente de 50 unidades de fomento,4304.0
2023-05-01,Operaciones no reajustables en moneda nacional 90 días o más,Inferiores o iguales al equivalente de 200 unidades de fomento y superiores al equivalente de 50 unidades de fomento,3604.0
2023-05-01,Operaciones no reajustables en moneda nacional 90 días o más,Inferiores o iguales al equivalente de 5.000 unidades de fomento y superiores al equivalente de 200 unidades de fomento,3306.0
2023-05-01,,Operaciones cuyo mecanismo de pago consista en la deducción de las respectivas cuotas directamente de la pensión del deudor,2904.0
2023-05-01,Operaciones reajustables en moneda nacional,Menores a un año,1077.0
2023-05-01,Operaciones reajustables en moneda nacional,De un año o más. Inferiores o iguales al equivalente de 2000 unidades de fomento,639.0
2023-05-01,Operaciones reajustables en moneda nacional,De un año o más. Superiores al equivalente de 2000 unidades de fomento,702.0
2023-05-01,Operaciones expresadas en moneda extranjera,Inferiores o iguales al equivalente de 2.000 unidades de fomento,1641.0
2023-05-01,Operaciones expresadas en moneda extranjera,Superiores al equivalente de 2.000 unidades de fomento,1107.0
2023-05-01,Operaciones no reajustables en moneda nacional 90 días o más,Superiores al equivalente de 5.000 unidades de fomento,2196.0
2023-06-01,Operaciones no reajustables en moneda nacional de menos de 90 días,Inferiores o iguales al equivalente de 5.000 unidades de fomento,6312.0
2023-06-01,Operaciones no reajustables en moneda nacional de menos de 90 días,Superiores al equivalente de 5.000 unidades de fomento,2163.0
2023-06-01,Operaciones no reajustables en moneda nacional 90 días o más,Inferiores o iguales al equivalente de 50 unidades de fomento,428.0
2023-06-01,Operaciones no reajustables en moneda nacional 90 días o más,Inferiores o iguales al equivalente de 200 unidades de fomento y superiores al equivalente de 50 unidades de fomento,358.0
2023-06-01,Operaciones no reajustables en moneda nacional 90 días o más,Inferiores o iguales al equivalente de 5.000 unidades de fomento y superiores al equivalente de 200 unidades de fomento,327.0
2023-06-01,,Operaciones cuyo mecanismo de pago consista en la deducción de las respectivas cuotas directamente de la pensión del deudor,288.0
2023-06-01,Operaciones reajustables en moneda nacional,Menores a un año,1404.0
2023-06-01,Operaciones reajustables en moneda nacional,De un año o más. Inferiores o iguales al equivalente de 2000 unidades de fomento,633.0
2023-06-01,Operaciones reajustables en moneda nacional,De un año o más. Superiores al equivalente de 2000 unidades de fomento,678.0
2023-06-01,Operaciones expresadas en moneda extranjera,Inferiores o iguales al equivalente de 2.000 unidades de fomento,156.0
2023-06-01,Operaciones expresadas en moneda extranjera,Superiores al equivalente de 2.000 unidades de fomento,111.0
2023-06-01,Operaciones no reajustables en moneda nacional 90 días o más,Superiores al equivalente de 5.000 unidades de fomento,2184.0
2023-07-01,Operaciones no reajustables en moneda nacional de menos de 90 días,Inferiores o iguales al equivalente de 5.000 unidades de fomento,6663.0
2023-07-01,Operaciones no reajustables en moneda nacional de menos de 90 días,Superiores al equivalente de 5.000 unidades de fomento,2262.0
2023-07-01,Operaciones no reajustables en moneda nacional 90 días o más,Inferiores o iguales al equivalente de 50 unidades de fomento,4292.0
2023-07-01,Operaciones no reajustables en moneda nacional 90 días o más,Inferiores o iguales al equivalente de 200 unidades de fomento y superiores al equivalente de 50 unidades de fomento,3592.0
2023-07-01,Operaciones no reajustables en moneda nacional 90 días o más,Inferiores o iguales al equivalente de 5.000 unidades de fomento y superiores al equivalente de 200 unidades de fomento,3288.0
2023-07-01,,Operaciones cuyo mecanismo de pago consista en la deducción de las respectivas cuotas directamente de la pensión del deudor,2892.0
2023-07-01,Operaciones reajustables en moneda nacional,Menores a un año,1443.0
2023-07-01,Operaciones reajustables en moneda nacional,De un año o más. Inferiores o iguales al equivalente de 2000 unidades de fomento,627.0
2023-07-01,Operaciones reajustables en moneda nacional,De un año o más. Superiores al equivalente de 2000 unidades de fomento,648.0
2023-07-01,Operaciones expresadas en moneda extranjera,Inferiores o iguales al equivalente de 2.000 unidades de fomento,1614.0
2023-07-01,Operaciones expresadas en moneda extranjera,Superiores al equivalente de 2.000 unidades de fomento,1119.0
2023-07-01,Operaciones no reajustables en moneda nacional 90 días o más,Superiores al equivalente de 5.000 unidades de fomento,2069.0
2023-08-01,Operaciones no reajustables en moneda nacional de menos de 90 días,Inferiores o iguales al equivalente de 5.000 unidades de fomento,6618.0
2023-08-01,Operaciones no reajustables en moneda nacional de menos de 90 días,Superiores al equivalente de 5.000 unidades de fomento,2067.0
2023-08-01,Operaciones no reajustables en moneda nacional 90 días o más,Inferiores o iguales al equivalente de 50 unidades de fomento,4252.0
2023-08-01,Operaciones no reajustables en moneda nacional 90 días o más,Inferiores o iguales al equivalente de 200 unidades de fomento y superiores al equivalente de 50 unidades de fomento,3552.0
2023-08-01,Operaciones no reajustables en moneda nacional 90 días o más,Inferiores o iguales al equivalente de 5.000 unidades de fomento y superiores al equivalente de 200 unidades de fomento,3228.0
2023-08-01,,Operaciones cuyo mecanismo de pago consista en la deducción de las respectivas cuotas directamente de la pensión del deudor,2852.0
2023-08-01,Operaciones reajustables en moneda nacional,Menores a un año,1458.0
2023-08-01,Operaciones reajustables en moneda nacional,De un año o más. Inferiores o iguales al equivalente de 2000 unidades de fomento,636.0
2023-08-01,Operaciones reajustables en moneda nacional,De un año o más. Superiores al equivalente de 2000 unidades de fomento,678.0
2023-08-01,Operaciones expresadas en moneda extranjera,Inferiores o iguales al equivalente de 2.000 unidades de fomento,1629.0
2023-08-01,Operaciones expresadas en moneda extranjera,Superiores al equivalente de 2.000 unidades de fomento,1194.0
2023-08-01,Operaciones no reajustables en moneda nacional 90 días o más,Superiores al equivalente de 5.000 unidades de fomento,2055.0
2023-09-01,Operaciones no reajustables en moneda nacional de menos de 90 días,Inferiores o iguales al equivalente de 5.000 unidades de fomento,6774.0
2023-09-01,Operaciones no reajustables en moneda nacional de menos de 90 días,Superiores al equivalente de 5.000 unidades de fomento,192.0
2023-09-01,Operaciones no reajustables en moneda nacional 90 días o más,Inferiores o iguales al equivalente de 50 unidades de fomento,416.0
2023-09-01,Operaciones no reajustables en moneda nacional 90 días o más,Inferiores o iguales al equivalente de 200 unidades de fomento y superiores al equivalente de 50 unidades de fomento,346.0
2023-09-01,Operaciones no reajustables en moneda nacional 90 días o más,Inferiores o iguales al equivalente de 5.000 unidades de fomento y superiores al equivalente de 200 unidades de fomento,309.0
2023-09-01,,Operaciones cuyo mecanismo de pago consista en la deducción de las respectivas cuotas directamente de la pensión del deudor,276.0
2023-09-01,Operaciones reajustables en moneda nacional,Menores a un año,1188.0
2023-09-01,Operaciones reajustables en moneda nacional,De un año o más. Inferiores o iguales al equivalente de 2000 unidades de fomento,636.0
2023-09-01,Operaciones reajustables en moneda nacional,De un año o más. Superiores al equivalente de 2000 unidades de fomento,66.0
2023-09-01,Operaciones expresadas en moneda extranjera,Inferiores o iguales al equivalente de 2.000 unidades de fomento,1623.0
2023-09-01,Operaciones expresadas en moneda extranjera,Superiores al equivalente de 2.000 unidades de fomento,1182.0
2023-09-01,Operaciones no reajustables en moneda nacional 90 días o más,Superiores al equivalente de 5.000 unidades de fomento,1845.0
2023-10-01,Operaciones no reajustables en moneda nacional de menos de 90 días,Inferiores o iguales al equivalente de 5.000 unidades de fomento,6945.0
2023-10-01,Operaciones no reajustables en moneda nacional de menos de 90 días,Superiores al equivalente de 5.000 unidades de fomento,1806.0
2023-10-01,Operaciones no reajustables en moneda nacional 90 días o más,Inferiores o iguales al equivalente de 50 unidades de fomento,4196.0
2023-10-01,Operaciones no reajustables en moneda nacional 90 días o más,Inferiores o iguales al equivalente de 200 unidades de fomento y superiores al equivalente de 50 unidades de fomento,3496.0
2023-10-01,Operaciones no reajustables en moneda nacional 90 días o más,Inferiores o iguales al equivalente de 5.000 unidades de fomento y superiores al equivalente de 200 unidades de fomento,3144.0
2023-10-01,,Operaciones cuyo mecanismo de pago consista en la deducción de las respectivas cuotas directamente de la pensión del deudor,276.0
2023-10-01,Operaciones reajustables en moneda nacional,Menores a un año,111.0
2023-10-01,Operaciones reajustables en moneda nacional,De un año o más. Inferiores o iguales al equivalente de 2000 unidades de fomento,651.0
2023-10-01,Operaciones reajustables en moneda nacional,De un año o más. Superiores al equivalente de 2000 unidades de fomento,705.0
2023-10-01,Operaciones expresadas en moneda extranjera,Inferiores o iguales al equivalente de 2.000 unidades de fomento,1566.0
2023-10-01,Operaciones expresadas en moneda extranjera,Superiores al equivalente de 2.000 unidades de fomento,108.0
2023-10-01,Operaciones no reajustables en moneda nacional 90 días o más,Superiores al equivalente de 5.000 unidades de fomento,1809.0
2023-11-01,Operaciones no reajustables en moneda nacional 90 días o más,Superiores al equivalente de 5.000 unidades de fomento,18.0
2023-11-01,Operaciones reajustables en moneda nacional,Menores a un año,1047.0
2023-11-01,Operaciones reajustables en moneda nacional,De un año o más. Inferiores o iguales al equivalente de 2000 unidades de fomento,702.0
2023-11-01,Operaciones reajustables en moneda nacional,De un año o más. Superiores al equivalente de 2000 unidades de fomento,789.0
2023-11-01,Operaciones expresadas en moneda extranjera,Inferiores o iguales al equivalente de 2.000 unidades de fomento,1686.0
2023-11-01,Operaciones no reajustables en moneda nacional 90 días o más,Inferiores o iguales al equivalente de 5.000 unidades de fomento y superiores al equivalente de 200 unidades de fomento,3139.0
2023-11-01,,Operaciones cuyo mecanismo de pago consista en la deducción de las respectivas cuotas directamente de la pensión del deudor,2793.0
2023-11-01,Operaciones no reajustables en moneda nacional de menos de 90 días,Inferiores o iguales al equivalente de 5.000 unidades de fomento,681.0
2023-11-01,Operaciones no reajustables en moneda nacional de menos de 90 días,Superiores al equivalente de 5.000 unidades de fomento,1662.0
2023-11-01,Operaciones no reajustables en moneda nacional 90 días o más,Inferiores o iguales al equivalente de 50 unidades de fomento,4193.0
2023-11-01,Operaciones no reajustables en moneda nacional 90 días o más,Inferiores o iguales al equivalente de 200 unidades de fomento y superiores al equivalente de 50 unidades de fomento,3493.0
2023-11-01,Operaciones expresadas en moneda extranjera,Superiores al equivalente de 2.000 unidades de fomento,1152.0
2023-12-01,Operaciones no reajustables en moneda nacional de menos de 90 días,Inferiores o iguales al equivalente de 5.000 unidades de fomento,6588.0
2023-12-01,Operaciones no reajustables en moneda nacional de menos de 90 días,Superiores al equivalente de 5.000 unidades de fomento,1593.0
2023-12-01,Operaciones no reajustables en moneda nacional 90 días o más,Inferiores o iguales al equivalente de 50 unidades de fomento,4168.0
2023-12-01,Operaciones no reajustables en moneda nacional 90 días o más,Inferiores o iguales al equivalente de 200 unidades de fomento y superiores al equivalente de 50 unidades de fomento,3468.0
2023-12-01,Operaciones no reajustables en moneda nacional 90 días o más,Inferiores o iguales al equivalente de 5.000 unidades de fomento y superiores al equivalente de 200 unidades de fomento,3102.0
2023-12-01,,Operaciones cuyo mecanismo de pago consista en la deducción de las respectivas cuotas directamente de la pensión del deudor,2768.0
2023-12-01,Operaciones reajustables en moneda nacional,Menores a un año,1242.0
2023-12-01,Operaciones reajustables en moneda nacional,De un año o más. Inferiores o iguales al equivalente de 2000 unidades de fomento,768.0
2023-12-01,Operaciones reajustables en moneda nacional,De un año o más. Superiores al equivalente de 2000 unidades de fomento,822.0
2023-12-01,Operaciones en moneda extranjera y expresadas en moneda extranjera,Inferiores o iguales al equivalente de 2.000 unidades de fomento,1656.0
2023-12-01,Operaciones en moneda extranjera y expresadas en moneda extranjera,Superiores al equivalente de 2.000 unidades de fomento,1179.0
2023-12-01,Operaciones no reajustables en moneda nacional 90 días o más,Superiores al equivalente de 5.000 unidades de fomento,1692.0
2024-01-01,Operaciones no reajustables en moneda nacional de menos de 90 días,Inferiores o iguales al equivalente de 5.000 unidades de fomento,6423.0
2024-01-01,Operaciones no reajustables en moneda nacional de menos de 90 días,Superiores al equivalente de 5.000 unidades de fomento,1587.0
2024-01-01,Operaciones no reajustables en moneda nacional 90 días o más,Inferiores o iguales al equivalente de 50 unidades de fomento,4188.0
2024-01-01,Operaciones no reajustables en moneda nacional 90 días o más,Inferiores o iguales al equivalente de 200 unidades de fomento y superiores al equivalente de 50 unidades de fomento,3488.0
2024-01-01,Operaciones no reajustables en moneda nacional 90 días o más,Inferiores o iguales al equivalente de 5.000 unidades de fomento y superiores al equivalente de 200 unidades de fomento,3132.0
2024-01-01,,Operaciones cuyo mecanismo de pago consista en la deducción de las respectivas cuotas directamente de la pensión del deudor,2788.0
2024-01-01,Operaciones reajustables en moneda nacional,Menores a un año,1137.0
2024-01-01,Operaciones reajustables en moneda nacional,De un año o más. Inferiores o iguales al equivalente de 2000 unidades de fomento,783.0
2024-01-01,Operaciones reajustables en moneda nacional,De un año o más. Superiores al equivalente de 2000 unidades de fomento,819.0
2024-01-01,Operaciones en moneda extranjera y expresadas en moneda extranjera,Inferiores o iguales al equivalente de 2.000 unidades de fomento,144.0
2024-01-01,Operaciones en moneda extranjera y expresadas en moneda extranjera,Superiores al equivalente de 2.000 unidades de fomento,114.0
2024-01-01,Operaciones no reajustables en moneda nacional 90 días o más,Superiores al equivalente de 5.000 unidades de fomento,1608.0
2024-02-01,Operaciones no reajustables en moneda nacional de menos de 90 días,Inferiores o iguales al equivalente de 5.000 unidades de fomento,6201.0
2024-02-01,Operaciones no reajustables en moneda nacional de menos de 90 días,Superiores al equivalente de 5.000 unidades de fomento,1497.0
2024-02-01,Operaciones no reajustables en moneda nacional 90 días o más,Inferiores o iguales al equivalente de 50 unidades de fomento,4106.0
2024-02-01,Operaciones no reajustables en moneda nacional 90 días o más,Inferiores o iguales al equivalente de 200 unidades de fomento y superiores al equivalente de 50 unidades de fomento,3406.0
2024-02-01,Operaciones no reajustables en moneda nacional 90 días o más,Inferiores o iguales al equivalente de 5.000 unidades de fomento y superiores al equivalente de 200 unidades de fomento,3009.0
2024-02-01,,Operaciones cuyo mecanismo de pago consista en la deducción de las respectivas cuotas directamente de la pensión del deudor,2706.0
2024-02-01,Operaciones reajustables en moneda nacional,Menores a un año,1269.0
2024-02-01,Operaciones reajustables en moneda nacional,De un año o más. Inferiores o iguales al equivalente de 2000 unidades de fomento,759.0
2024-02-01,Operaciones reajustables en moneda nacional,De un año o más. Superiores al equivalente de 2000 unidades de fomento,816.0
2024-02-01,Operaciones en moneda extranjera y expresadas en moneda extranjera,Inferiores o iguales al equivalente de 2.000 unidades de fomento,1416.0
2024-02-01,Operaciones en moneda extranjera y expresadas en moneda extranjera,Superiores al equivalente de 2.000 unidades de fomento,1137.0
2024-02-01,Operaciones no reajustables en moneda nacional 90 días o más,Superiores al equivalente de 5.000 unidades de fomento,1605.0
2024-03-01,Operaciones no reajustables en moneda nacional de menos de 90 días,Inferiores o iguales al equivalente de 5.000 unidades de fomento,6111.0
2024-03-01,Operaciones no reajustables en moneda nacional de menos de 90 días,Superiores al equivalente de 5.000 unidades de fomento,1398.0
2024-03-01,Operaciones no reajustables en moneda nacional 90 días o más,Inferiores o iguales al equivalente de 50 unidades de fomento,4074.0
2024-03-01,Operaciones no reajustables en moneda nacional 90 días o más,Inferiores o iguales al equivalente de 200 unidades de fomento y superiores al equivalente de 50 unidades de fomento,3374.0
2024-03-01,Operaciones no reajustables en moneda nacional 90 días o más,Inferiores o iguales al equivalente de 5.000 unidades de fomento y superiores al equivalente de 200 unidades de fomento,2961.0
2024-03-01,,Operaciones cuyo mecanismo de pago consista en la deducción de las respectivas cuotas directamente de la pensión del deudor,2674.0
2024-03-01,Operaciones reajustables en moneda nacional,Menores a un año,951.0
2024-03-01,Operaciones reajustables en moneda nacional,De un año o más. Inferiores o iguales al equivalente de 2000 unidades de fomento,753.0
2024-03-01,Operaciones reajustables en moneda nacional,De un año o más. Superiores al equivalente de 2000 unidades de fomento,768.0
2024-03-01,Operaciones en moneda extranjera y expresadas en moneda extranjera,Inferiores o iguales al equivalente de 2.000 unidades de fomento,1431.0
2024-03-01,Operaciones en moneda extranjera y expresadas en moneda extranjera,Superiores al equivalente de 2.000 unidades de fomento,1098.0
2024-03-01,Operaciones no reajustables en moneda nacional 90 días o más,Superiores al equivalente de 5.000 unidades de fomento,1446.0
2024-04-01,Operaciones no reajustables en moneda nacional de menos de 90 días,Inferiores o iguales al equivalente de 5.000 unidades de fomento,6063.0
2024-04-01,Operaciones no reajustables en moneda nacional de menos de 90 días,Superiores al equivalente de 5.000 unidades de fomento,1317.0
2024-04-01,Operaciones no reajustables en moneda nacional 90 días o más,Inferiores o iguales al equivalente de 50 unidades de fomento,394.0
2024-04-01,Operaciones no reajustables en moneda nacional 90 días o más,Inferiores o iguales al equivalente de 200 unidades de fomento y superiores al equivalente de 50 unidades de fomento,324.0
2024-04-01,Operaciones no reajustables en moneda nacional 90 días o más,Inferiores o iguales al equivalente de 5.000 unidades de fomento y superiores al equivalente de 200 unidades de fomento,276.0
2024-04-01,,Operaciones cuyo mecanismo de pago consista en la deducción de las respectivas cuotas directamente de la pensión del deudor,254.0
2024-04-01,Operaciones reajustables en moneda nacional,Menores a un año,786.0
2024-04-01,Operaciones reajustables en moneda nacional,De un año o más. Inferiores o iguales al equivalente de 2000 unidades de fomento,747.0
2024-04-01,Operaciones reajustables en moneda nacional,De un año o más. Superiores al equivalente de 2000 unidades de fomento,75.0
2024-04-01,Operaciones en moneda extranjera y expresadas en moneda extranjera,Inferiores o iguales al equivalente de 2.000 unidades de fomento,1425.0
2024-04-01,Operaciones en moneda extranjera y expresadas en moneda extranjera,Superiores al equivalente de 2.000 unidades de fomento,1065.0
2024-04-01,Operaciones no reajustables en moneda nacional 90 días o más,Superiores al equivalente de 5.000 unidades de fomento,15.0
2024-05-01,Operaciones no reajustables en moneda nacional de menos de 90 días,Inferiores o iguales al equivalente de 5.000 unidades de fomento,5793.0
2024-05-01,Operaciones no reajustables en moneda nacional de menos de 90 días,Superiores al equivalente de 5.000 unidades de fomento,1236.0
2024-05-01,Operaciones no reajustables en moneda nacional 90 días o más,Inferiores o iguales al equivalente de 50 unidades de fomento,3932.0
2024-05-01,Operaciones no reajustables en moneda nacional 90 días o más,Inferiores o iguales al equivalente de 200 unidades de fomento y superiores al equivalente de 50 unidades de fomento,3232.0
2024-05-01,Operaciones no reajustables en moneda nacional 90 días o más,Inferiores o iguales al equivalente de 5.000 unidades de fomento y superiores al equivalente de 200 unidades de fomento,2748.0
2024-05-01,,Operaciones cuyo mecanismo de pago consista en la deducción de las respectivas cuotas directamente de la pensión del deudor,2532.0
2024-05-01,Operaciones reajustables en moneda nacional,Menores a un año,798.0
2024-05-01,Operaciones reajustables en moneda nacional,De un año o más. Inferiores o iguales al equivalente de 2000 unidades de fomento,743.0
2024-05-01,Operaciones reajustables en moneda nacional,De un año o más. Superiores al equivalente de 2000 unidades de fomento,729.0
2024-05-01,Operaciones en moneda extranjera y expresadas en moneda extranjera,Inferiores o iguales al equivalente de 2.000 unidades de fomento,1497.0
2024-05-01,Operaciones en moneda extranjera y expresadas en moneda extranjera,Superiores al equivalente de 2.000 unidades de fomento,1062.0
2024-05-01,Operaciones no reajustables en moneda nacional 90 días o más,Superiores al equivalente de 5.000 unidades de fomento,1446.0
2024-06-01,Operaciones no reajustables en moneda nacional de menos de 90 días,Inferiores o iguales al equivalente de 5.000 unidades de fomento,5658.0
2024-06-01,Operaciones no reajustables en moneda nacional de menos de 90 días,Superiores al equivalente de 5.000 unidades de fomento,1197.0
2024-06-01,Operaciones no reajustables en moneda nacional 90 días o más,Inferiores o iguales al equivalente de 50 unidades de fomento,3908.0
2024-06-01,Operaciones no reajustables en moneda nacional 90 días o más,Inferiores o iguales al equivalente de 200 unidades de fomento y superiores al equivalente de 50 unidades de fomento,3208.0
2024-06-01,Operaciones no reajustables en moneda nacional 90 días o más,Inferiores o iguales al equivalente de 5.000 unidades de fomento y superiores al equivalente de 200 unidades de fomento,2712.0
2024-06-01,,Operaciones cuyo mecanismo de pago consista en la deducción de las respectivas cuotas directamente de la pensión del deudor,2508.0
2024-06-01,Operaciones reajustables en moneda nacional,Menores a un año,801.0
2024-06-01,Operaciones reajustables en moneda nacional,De un año o más. Inferiores o iguales al equivalente de 2000 unidades de fomento,756.0
2024-06-01,Operaciones reajustables en moneda nacional,De un año o más. Superiores al equivalente de 2000 unidades de fomento,744.0
2024-06-01,Operaciones en moneda extranjera y expresadas en moneda extranjera,Inferiores o iguales al equivalente de 2.000 unidades de fomento,1458.0
2024-06-01,Operaciones en moneda extranjera y expresadas en moneda extranjera,Superiores al equivalente de 2.000 unidades de fomento,1062.0
2024-06-01,Operaciones no reajustables en moneda nacional 90 días o más,Superiores al equivalente de 5.000 unidades de fomento,1371.0
2024-07-01,Operaciones no reajustables en moneda nacional de menos de 90 días,Inferiores o iguales al equivalente de 5.000 unidades de fomento,5478.0
2024-07-01,Operaciones no reajustables en moneda nacional de menos de 90 días,Superiores al equivalente de 5.000 unidades de fomento,1086.0
2024-07-01,Operaciones no reajustables en moneda nacional 90 días o más,Inferiores o iguales al equivalente de 50 unidades de fomento,3858.0
2024-07-01,Operaciones no reajustables en moneda nacional 90 días o más,Inferiores o iguales al equivalente de 200 unidades de fomento y superiores al equivalente de 50 unidades de fomento,3158.0
2024-07-01,Operaciones no reajustables en moneda nacional 90 días o más,Inferiores o iguales al equivalente de 5.000 unidades de fomento y superiores al equivalente de 200 unidades de fomento,2637.0
2024-07-01,,Operaciones cuyo mecanismo de pago consista en la deducción de las respectivas cuotas directamente de la pensión del deudor,2458.0
2024-07-01,Operaciones reajustables en moneda nacional,Menores a un año,795.0
2024-07-01,Operaciones reajustables en moneda nacional,De un año o más. Inferiores o iguales al equivalente de 2000 unidades de fomento,762.0
2024-07-01,Operaciones reajustables en moneda nacional,De un año o más. Superiores al equivalente de 2000 unidades de fomento,753.0
2024-07-01,Operaciones en moneda extranjera y expresadas en moneda extranjera,Inferiores o iguales al equivalente de 2.000 unidades de fomento,141.0
2024-07-01,Operaciones en moneda extranjera y expresadas en moneda extranjera,Superiores al equivalente de 2.000 unidades de fomento,1017.0
2024-07-01,Operaciones no reajustables en moneda nacional 90 días o más,Superiores al equivalente de 5.000 unidades de fomento,1245.0
2024-08-01,Operaciones no reajustables en moneda nacional de menos de 90 días,Inferiores o iguales al equivalente de 5.000 unidades de fomento,5253.0
2024-08-01,Operaciones no reajustables en moneda nacional de menos de 90 días,Superiores al equivalente de 5.000 unidades de fomento,1104.0
2024-08-01,Operaciones no reajustables en moneda nacional 90 días o más,Inferiores o iguales al equivalente de 50 unidades de fomento,3858.0
2024-08-01,Operaciones no reajustables en moneda nacional 90 días o más,Inferiores o iguales al equivalente de 200 unidades de fomento y superiores al equivalente de 50 unidades de fomento,3158.0
2024-08-01,Operaciones no reajustables en moneda nacional 90 días o más,Inferiores o iguales al equivalente de 5.000 unidades de fomento y superiores al equivalente de 200 unidades de fomento,2637.0
2024-08-01,,Operaciones cuyo mecanismo de pago consista en la deducción de las respectivas cuotas directamente de la pensión del deudor,2458.0
2024-08-01,Operaciones reajustables en moneda nacional,Menores a un año,708.0
2024-08-01,Operaciones reajustables en moneda nacional,De un año o más. Inferiores o iguales al equivalente de 2000 unidades de fomento,765.0
2024-08-01,Operaciones reajustables en moneda nacional,De un año o más. Superiores al equivalente de 2000 unidades de fomento,735.0
2024-08-01,Operaciones en moneda extranjera y expresadas en moneda extranjera,Inferiores o iguales al equivalente de 2.000 unidades de fomento,1389.0
2024-08-01,Operaciones en moneda extranjera y expresadas en moneda extranjera,Superiores al equivalente de 2.000 unidades de fomento,1023.0
2024-08-01,Operaciones no reajustables en moneda nacional 90 días o más,Superiores al equivalente de 5.000 unidades de fomento,1191.0
2024-09-01,Operaciones no reajustables en moneda nacional de menos de 90 días,Inferiores o iguales al equivalente de 5.000 unidades de fomento,5076.0
2024-09-01,Operaciones no reajustables en moneda nacional de menos de 90 días,Superiores al equivalente de 5.000 unidades de fomento,1077.0
2024-09-01,Operaciones no reajustables en moneda nacional 90 días o más,Inferiores o iguales al equivalente de 50 unidades de fomento,3816.0
2024-09-01,Operaciones no reajustables en moneda nacional 90 días o más,Inferiores o iguales al equivalente de 200 unidades de fomento y superiores al equivalente de 50 unidades de fomento,3116.0
2024-09-01,Operaciones no reajustables en moneda nacional 90 días o más,Inferiores o iguales al equivalente de 5.000 unidades de fomento y superiores al equivalente de 200 unidades de fomento,2574.0
2024-09-01,,Operaciones cuyo mecanismo de pago consista en la deducción de las respectivas cuotas directamente de la pensión del deudor,2416.0
2024-09-01,Operaciones reajustables en moneda nacional,Menores a un año,584.0
2024-09-01,Operaciones reajustables en moneda nacional,De un año o más. Inferiores o iguales al equivalente de 2000 unidades de fomento,753.0
2024-09-01,Operaciones reajustables en moneda nacional,De un año o más. Superiores al equivalente de 2000 unidades de fomento,684.0
2024-09-01,Operaciones en moneda extranjera y expresadas en moneda extranjera,Inferiores o iguales al equivalente de 2.000 unidades de fomento,1356.0
2024-09-01,Operaciones en moneda extranjera y expresadas en moneda extranjera,Superiores al equivalente de 2.000 unidades de fomento,1008.0
2024-09-01,Operaciones no reajustables en moneda nacional 90 días o más,Superiores al equivalente de 5.000 unidades de fomento,1173.0
2024-10-01,Operaciones no reajustables en moneda nacional de menos de 90 días,Inferiores o iguales al equivalente de 5.000 unidades de fomento,498.0
2024-10-01,Operaciones no reajustables en moneda nacional de menos de 90 días,Superiores al equivalente de 5.000 unidades de fomento,1044.0
2024-10-01,Operaciones no reajustables en moneda nacional 90 días o más,Inferiores o iguales al equivalente de 50 unidades de fomento,381.0
2024-10-01,Operaciones no reajustables en moneda nacional 90 días o más,Inferiores o iguales al equivalente de 200 unidades de fomento y superiores al equivalente de 50 unidades de fomento,311.0
2024-10-01,Operaciones no reajustables en moneda nacional 90 días o más,Inferiores o iguales al equivalente de 5.000 unidades de fomento y superiores al equivalente de 200 unidades de fomento,2565.0
2024-10-01,,Operaciones cuyo mecanismo de pago consista en la deducción de las respectivas cuotas directamente de la pensión del deudor,241.0
2024-10-01,Operaciones reajustables en moneda nacional,Menores a un año,581.0
2024-10-01,Operaciones reajustables en moneda nacional,De un año o más. Inferiores o iguales al equivalente de 2000 unidades de fomento,735.0
2024-10-01,Operaciones reajustables en moneda nacional,De un año o más. Superiores al equivalente de 2000 unidades de fomento,675.0
2024-10-01,Operaciones en moneda extranjera y expresadas en moneda extranjera,Inferiores o iguales al equivalente de 2.000 unidades de fomento,141.0
2024-10-01,Operaciones en moneda extranjera y expresadas en moneda extranjera,Superiores al equivalente de 2.000 unidades de fomento,996.0
2024-10-01,Operaciones no reajustables en moneda nacional 90 días o más,Superiores al equivalente de 5.000 unidades de fomento,1167.0
2024-11-01,Operaciones no reajustables en moneda nacional de menos de 90 días,Inferiores o iguales al equivalente de 5.000 unidades de fomento,4845.0
2024-11-01,Operaciones no reajustables en moneda nacional de menos de 90 días,Superiores al equivalente de 5.000 unidades de fomento,105.0
2024-11-01,Operaciones no reajustables en moneda nacional 90 días o más,Inferiores o iguales al equivalente de 50 unidades de fomento,382.0
2024-11-01,Operaciones no reajustables en moneda nacional 90 días o más,Inferiores o iguales al equivalente de 200 unidades de fomento y superiores al equivalente de 50 unidades de fomento,312.0
2024-11-01,Operaciones no reajustables en moneda nacional 90 días o más,Inferiores o iguales al equivalente de 5.000 unidades de fomento y superiores al equivalente de 200 unidades de fomento,258.0
2024-11-01,,Operaciones cuyo mecanismo de pago consista en la deducción de las respectivas cuotas directamente de la pensión del deudor,241.0
2024-11-01,Operaciones reajustables en moneda nacional,Menores a un año,587.0
2024-11-01,Operaciones reajustables en moneda nacional,De un año o más. Inferiores o iguales al equivalente de 2000 unidades de fomento,714.0
2024-11-01,Operaciones reajustables en moneda nacional,De un año o más. Superiores al equivalente de 2000 unidades de fomento,657.0
2024-11-01,Operaciones en moneda extranjera y expresadas en moneda extranjera,Inferiores o iguales al equivalente de 2.000 unidades de fomento,1374.0
2024-11-01,Operaciones en moneda extranjera y expresadas en moneda extranjera,Superiores al equivalente de 2.000 unidades de fomento,99.0
2024-11-01,Operaciones no reajustables en moneda nacional 90 días o más,Superiores al equivalente de 5.000 unidades de fomento,1113.0
2024-12-01,Operaciones no reajustables en moneda nacional de menos de 90 días,Inferiores o iguales al equivalente de 5.000 unidades de fomento,4908.0
2024-12-01,Operaciones no reajustables en moneda nacional de menos de 90 días,Superiores al equivalente de 5.000 unidades de fomento,1131.0
2024-12-01,Operaciones no reajustables en moneda nacional 90 días o más,Inferiores o iguales al equivalente de 50 unidades de fomento,3856.0
2024-12-01,Operaciones no reajustables en moneda nacional 90 días o más,Inferiores o iguales al equivalente de 200 unidades de fomento y superiores al equivalente de 50 unidades de fomento,3156.0
2024-12-01,Operaciones no reajustables en moneda nacional 90 días o más,Inferiores o iguales al equivalente de 5.000 unidades de fomento y superiores al equivalente de 200 unidades de fomento,2634.0
2024-12-01,,Operaciones cuyo mecanismo de pago consista en la deducción de las respectivas cuotas directamente de la pensión del deudor,2456.0
2024-12-01,Operaciones reajustables en moneda nacional,Menores a un año,561.0
2024-12-01,Operaciones reajustables en moneda nacional,De un año o más. Inferiores o iguales al equivalente de 2000 unidades de fomento,693.0
2024-12-01,Operaciones reajustables en moneda nacional,De un año o más. Superiores al equivalente de 2000 unidades de fomento,606.0
2024-12-01,Operaciones en moneda extranjera y expresadas en moneda extranjera,Inferiores o iguales al equivalente de 2.000 unidades de fomento,1356.0
2024-12-01,Operaciones en moneda extranjera y expresadas en moneda extranjera,Superiores al equivalente de 2.000 unidades de fomento,954.0
2024-12-01,Operaciones no reajustables en moneda nacional 90 días o más,Superiores al equivalente de 5.000 unidades de fomento,1086.0
2025-01-01,Operaciones no reajustables en moneda nacional de menos de 90 días,Inferiores o iguales al equivalente de 5.000 unidades de fomento,4809.0
2025-01-01,Operaciones no reajustables en moneda nacional de menos de 90 días,Superiores al equivalente de 5.000 unidades de fomento,1017.0
2025-01-01,Operaciones no reajustables en moneda nacional 90 días o más,Inferiores o iguales al equivalente de 50 unidades de fomento,3908.0
2025-01-01,Operaciones no reajustables en moneda nacional 90 días o más,Inferiores o iguales al equivalente de 200 unidades de fomento y superiores al equivalente de 50 unidades de fomento,3208.0
2025-01-01,Operaciones no reajustables en moneda nacional 90 días o más,Inferiores o iguales al equivalente de 5.000 unidades de fomento y superiores al equivalente de 200 unidades de fomento,2712.0
2025-01-01,,Operaciones cuyo mecanismo de pago consista en la deducción de las respectivas cuotas directamente de la pensión del deudor,2456.0
2025-01-01,Operaciones reajustables en moneda nacional,Menores a un año,624.0
2025-01-01,Operaciones reajustables en moneda nacional,De un año o más. Inferiores o iguales al equivalente de 2000 unidades de fomento,678.0
2025-01-01,Operaciones reajustables en moneda nacional,De un año o más. Superiores al equivalente de 2000 unidades de fomento,63.0
2025-01-01,Operaciones en moneda extranjera y expresadas en moneda extranjera,Inferiores o iguales al equivalente de 2.000 unidades de fomento,1341.0
2025-01-01,Operaciones en moneda extranjera y expresadas en moneda extranjera,Superiores al equivalente de 2.000 unidades de fomento,93.0
2025-01-01,Operaciones no reajustables en moneda nacional 90 días o más,Superiores al equivalente de 5.000 unidades de fomento,1062.0
2025-02-01,Operaciones no reajustables en moneda nacional de menos de 90 días,Inferiores o iguales al equivalente de 5.000 unidades de fomento,4626.0
2025-02-01,Operaciones no reajustables en moneda nacional de menos de 90 días,Superiores al equivalente de 5.000 unidades de fomento,1011.0
2025-02-01,Operaciones no reajustables en moneda nacional 90 días o más,Inferiores o iguales al equivalente de 50 unidades de fomento,3904.0
2025-02-01,Operaciones no reajustables en moneda nacional 90 días o más,Inferiores o iguales al equivalente de 200 unidades de fomento y superiores al equivalente de 50 unidades de fomento,3204.0
2025-02-01,Operaciones no reajustables en moneda nacional 90 días o más,Inferiores o iguales al equivalente de 5.000 unidades de fomento y superiores al equivalente de 200 unidades de fomento,2706.0
2025-02-01,,Operaciones cuyo mecanismo de pago consista en la deducción de las respectivas cuotas directamente de la pensión del deudor,2504.0
2025-02-01,Operaciones reajustables en moneda nacional,Menores a un año,542.0
2025-02-01,Operaciones reajustables en moneda nacional,De un año o más. Inferiores o iguales al equivalente de 2000 unidades de fomento,681.0
2025-02-01,Operaciones reajustables en moneda nacional,De un año o más. Superiores al equivalente de 2000 unidades de fomento,624.0
2025-02-01,Operaciones en moneda extranjera y expresadas en moneda extranjera,Inferiores o iguales al equivalente de 2.000 unidades de fomento,1428.0
2025-02-01,Operaciones en moneda extranjera y expresadas en moneda extranjera,Superiores al equivalente de 2.000 unidades de fomento,987.0
2025-02-01,Operaciones no reajustables en moneda nacional 90 días o más,Superiores al equivalente de 5.000 unidades de fomento,1065.0
2025-03-01,Operaciones no reajustables en moneda nacional de menos de 90 días,Inferiores o iguales al equivalente de 5.000 unidades de fomento,5001.0
2025-03-01,Operaciones no reajustables en moneda nacional de menos de 90 días,Superiores al equivalente de 5.000 unidades de fomento,1077.0
2025-03-01,Operaciones no reajustables en moneda nacional 90 días o más,Inferiores o iguales al equivalente de 50 unidades de fomento,3944.0
2025-03-01,Operaciones no reajustables en moneda nacional 90 días o más,Inferiores o iguales al equivalente de 200 unidades de fomento y superiores al equivalente de 50 unidades de fomento,3244.0
2025-03-01,Operaciones no reajustables en moneda nacional 90 días o más,Inferiores o iguales al equivalente de 5.000 unidades de fomento y superiores al equivalente de 200 unidades de fomento,2766.0
2025-03-01,,Operaciones cuyo mecanismo de pago consista en la deducción de las respectivas cuotas directamente de la pensión del deudor,2544.0
2025-03-01,Operaciones reajustables en moneda nacional,Menores a un año,497.0
2025-03-01,Operaciones reajustables en moneda nacional,De un año o más. Inferiores o iguales al equivalente de 2000 unidades de fomento,666.0
2025-03-01,Operaciones reajustables en moneda nacional,De un año o más. Superiores al equivalente de 2000 unidades de fomento,654.0
2025-03-01,Operaciones en moneda extranjera y expresadas en moneda extranjera,Inferiores o iguales al equivalente de 2.000 unidades de fomento,1575.0
2025-03-01,Operaciones en moneda extranjera y expresadas en moneda extranjera,Superiores al equivalente de 2.000 unidades de fomento,96.0
2025-03-01,Operaciones no reajustables en moneda nacional 90 días o más,Superiores al equivalente de 5.000 unidades de fomento,1092.0
2025-04-01,Operaciones en moneda extranjera y expresadas en moneda extranjera,Inferiores o iguales al equivalente de 2.000 unidades de fomento,1539.0
2025-04-01,Operaciones en moneda extranjera y expresadas en moneda extranjera,Superiores al equivalente de 2.000 unidades de fomento,957.0
2025-04-01,,Operaciones cuyo mecanismo de pago consista en la deducción de las respectivas cuotas directamente de la pensión del deudor,2544.0
2025-04-01,Operaciones no reajustables en moneda nacional de menos de 90 días,Inferiores o iguales al equivalente de 5.000 unidades de fomento,4845.0
2025-04-01,Operaciones no reajustables en moneda nacional de menos de 90 días,Superiores al equivalente de 5.000 unidades de fomento,1002.0
2025-04-01,Operaciones reajustables en moneda nacional,De un año o más. Superiores al equivalente de 2000 unidades de fomento,63.0
2025-04-01,Operaciones no reajustables en moneda nacional 90 días o más,Inferiores o iguales al equivalente de 200 unidades de fomento y superiores al equivalente de 50 unidades de fomento,312.0
2025-04-01,Operaciones no reajustables en moneda nacional 90 días o más,Inferiores o iguales al equivalente de 5.000 unidades de fomento y superiores al equivalente de 200 unidades de fomento,258.0
2025-04-01,Operaciones no reajustables en moneda nacional 90 días o más,Superiores al equivalente de 5.000 unidades de fomento,1122.0
2025-04-01,Operaciones reajustables en moneda nacional,Menores a un año,58.0
2025-04-01,Operaciones reajustables en moneda nacional,De un año o más. Inferiores o iguales al equivalente de 2000 unidades de fomento,666.0
2025-04-01,Operaciones no reajustables en moneda nacional 90 días o más,Inferiores o iguales al equivalente de 50 unidades de fomento,382.0
2025-05-01,Operaciones no reajustables en moneda nacional de menos de 90 días,Inferiores o iguales al equivalente de 5.000 unidades de fomento,4824.0
2025-05-01,Operaciones no reajustables en moneda nacional de menos de 90 días,Superiores al equivalente de 5.000 unidades de fomento,1014.0
2025-05-01,Operaciones no reajustables en moneda nacional 90 días o más,Inferiores o iguales al equivalente de 50 unidades de fomento,3826.0
2025-05-01,Operaciones no reajustables en moneda nacional 90 días o más,Inferiores o iguales al equivalente de 200 unidades de fomento y superiores al equivalente de 50 unidades de fomento,3126.0
2025-05-01,Operaciones no reajustables en moneda nacional 90 días o más,Inferiores o iguales al equivalente de 5.000 unidades de fomento y superiores al equivalente de 200 unidades de fomento,2589.0
2025-05-01,,Operaciones cuyo mecanismo de pago consista en la deducción de las respectivas cuotas directamente de la pensión del deudor,2426.0
2025-05-01,Operaciones reajustables en moneda nacional,Menores a un año,609.0
2025-05-01,Operaciones reajustables en moneda nacional,De un año o más. Inferiores o iguales al equivalente de 2000 unidades de fomento,672.0
2025-05-01,Operaciones reajustables en moneda nacional,De un año o más. Superiores al equivalente de 2000 unidades de fomento,609.0
2025-05-01,Operaciones en moneda extranjera y expresadas en moneda extranjera,Inferiores o iguales al equivalente de 2.000 unidades de fomento,1455.0
2025-05-01,Operaciones en moneda extranjera y expresadas en moneda extranjera,Superiores al equivalente de 2.000 unidades de fomento,978.0
2025-05-01,Operaciones no reajustables en moneda nacional 90 días o más,Superiores al equivalente de 5.000 unidades de fomento,108.0
2025-06-01,Operaciones no reajustables en moneda nacional de menos de 90 días,Inferiores o iguales al equivalente de 5.000 unidades de fomento,4683.0
2025-06-01,Operaciones no reajustables en moneda nacional de menos de 90 días,Superiores al equivalente de 5.000 unidades de fomento,1014.0
2025-06-01,Operaciones no reajustables en moneda nacional 90 días o más,Inferiores o iguales al equivalente de 50 unidades de fomento,3826.0
2025-06-01,Operaciones no reajustables en moneda nacional 90 días o más,Inferiores o iguales al equivalente de 200 unidades de fomento y superiores al equivalente de 50 unidades de fomento,3126.0
2025-06-01,Operaciones no reajustables en moneda nacional 90 días o más,Inferiores o iguales al equivalente de 5.000 unidades de fomento y superiores al equivalente de 200 unidades de fomento,2589.0
2025-06-01,,Operaciones cuyo mecanismo de pago consista en la deducción de las respectivas cuotas directamente de la pensión del deudor,2426.0
2025-06-01,Operaciones reajustables en moneda nacional,Menores a un año,708.0
2025-06-01,Operaciones reajustables en moneda nacional,De un año o más. Inferiores o iguales al equivalente de 2000 unidades de fomento,675.0
2025-06-01,Operaciones reajustables en moneda nacional,De un año o más. Superiores al equivalente de 2000 unidades de fomento,66.0
2025-06-01,Operaciones en moneda extranjera y expresadas en moneda extranjera,Inferiores o iguales al equivalente de 2.000 unidades de fomento,1512.0
2025-06-01,Operaciones en moneda extranjera y expresadas en moneda extranjera,Superiores al equivalente de 2.000 unidades de fomento,966.0
2025-06-01,Operaciones no reajustables en moneda nacional 90 días o más,Superiores al equivalente de 5.000 unidades de fomento,1077.0
2025-07-01,Operaciones no reajustables en moneda nacional de menos de 90 días,Inferiores o iguales al equivalente de 5.000 unidades de fomento,4665.0
2025-07-01,Operaciones no reajustables en moneda nacional de menos de 90 días,Superiores al equivalente de 5.000 unidades de fomento,969.0
2025-07-01,Operaciones no reajustables en moneda nacional 90 días o más,Inferiores o iguales al equivalente de 50 unidades de fomento,3782.0
2025-07-01,Operaciones no reajustables en moneda nacional 90 días o más,Inferiores o iguales al equivalente de 200 unidades de fomento y superiores al equivalente de 50 unidades de fomento,3082.0
2025-07-01,Operaciones no reajustables en moneda nacional 90 días o más,Inferiores o iguales al equivalente de 5.000 unidades de fomento y superiores al equivalente de 200 unidades de fomento,2523.0
2025-07-01,,Operaciones cuyo mecanismo de pago consista en la deducción de las respectivas cuotas directamente de la pensión del deudor,2382.0
2025-07-01,Operaciones reajustables en moneda nacional,Menores a un año,72.0
2025-07-01,Operaciones reajustables en moneda nacional,De un año o más. Inferiores o iguales al equivalente de 2000 unidades de fomento,678.0
2025-07-01,Operaciones reajustables en moneda nacional,De un año o más. Superiores al equivalente de 2000 unidades de fomento,645.0
2025-07-01,Operaciones en moneda extranjera y expresadas en moneda extranjera,Inferiores o iguales al equivalente de 2.000 unidades de fomento,15.0
2025-07-01,Operaciones en moneda extranjera y expresadas en moneda extranjera,Superiores al equivalente de 2.000 unidades de fomento,942.0
2025-07-01,Operaciones no reajustables en moneda nacional 90 días o más,Superiores al equivalente de 5.000 unidades de fomento,1032.0
2025-08-01,Operaciones no reajustables en moneda nacional de menos de 90 días,Inferiores o iguales al equivalente de 5.000 unidades de fomento,4794.0
2025-08-01,Operaciones no reajustables en moneda nacional de menos de 90 días,Superiores al equivalente de 5.000 unidades de fomento,972.0
2025-08-01,Operaciones no reajustables en moneda nacional 90 días o más,Inferiores o iguales al equivalente de 50 unidades de fomento,381.0
2025-08-01,Operaciones no reajustables en moneda nacional 90 días o más,Inferiores o iguales al equivalente de 200 unidades de fomento y superiores al equivalente de 50 unidades de fomento,311.0
2025-08-01,Operaciones no reajustables en moneda nacional 90 días o más,Inferiores o iguales al equivalente de 5.000 unidades de fomento y superiores al equivalente de 200 unidades de fomento,2565.0
2025-08-01,,Operaciones cuyo mecanismo de pago consista en la deducción de las respectivas cuotas directamente de la pensión del deudor,241.0
2025-08-01,Operaciones reajustables en moneda nacional,Menores a un año,675.0
2025-08-01,Operaciones reajustables en moneda nacional,De un año o más. Inferiores o iguales al equivalente de 2000 unidades de fomento,678.0
2025-08-01,Operaciones reajustables en moneda nacional,De un año o más. Superiores al equivalente de 2000 unidades de fomento,648.0
2025-08-01,Operaciones en moneda extranjera y expresadas en moneda extranjera,Inferiores o iguales al equivalente de 2.000 unidades de fomento,1485.0
2025-08-01,Operaciones en moneda extranjera y expresadas en moneda extranjera,Superiores al equivalente de 2.000 unidades de fomento,933.0
2025-08-01,Operaciones no reajustables en moneda nacional 90 días o más,Superiores al equivalente de 5.000 unidades de fomento,1029.0
2025-09-01,Operaciones no reajustables en moneda nacional de menos de 90 días,Inferiores o iguales al equivalente de 5.000 unidades de fomento,4776.0
2025-09-01,Operaciones no reajustables en moneda nacional de menos de 90 días,Superiores al equivalente de 5.000 unidades de fomento,951.0
2025-09-01,Operaciones no reajustables en moneda nacional 90 días o más,Inferiores o iguales al equivalente de 50 unidades de fomento,378.0
2025-09-01,Operaciones no reajustables en moneda nacional 90 días o más,Inferiores o iguales al equivalente de 200 unidades de fomento y superiores al equivalente de 50 unidades de fomento,308.0
2025-09-01,Operaciones no reajustables en moneda nacional 90 días o más,Inferiores o iguales al equivalente de 5.000 unidades de fomento y superiores al equivalente de 200 unidades de fomento,252.0
2025-09-01,,Operaciones cuyo mecanismo de pago consista en la deducción de las respectivas cuotas directamente de la pensión del deudor,238.0
2025-09-01,Operaciones reajustables en moneda nacional,Menores a un año,588.0
2025-09-01,Operaciones reajustables en moneda nacional,De un año o más. Inferiores o iguales al equivalente de 2000 unidades de fomento,675.0
2025-09-01,Operaciones reajustables en moneda nacional,De un año o más. Superiores al equivalente de 2000 unidades de fomento,63.0
2025-09-01,Operaciones en moneda extranjera y expresadas en moneda extranjera,Inferiores o iguales al equivalente de 2.000 unidades de fomento,147.0
2025-09-01,Operaciones en moneda extranjera y expresadas en moneda extranjera,Superiores al equivalente de 2.000 unidades de fomento,909.0
2025-09-01,Operaciones no reajustables en moneda nacional 90 días o más,Superiores al equivalente de 5.000 unidades de fomento,1044.0
2025-10-01,Operaciones no reajustables en moneda nacional de menos de 90 días,Inferiores o iguales al equivalente de 5.000 unidades de fomento,4935.0
2025-10-01,Operaciones no reajustables en moneda nacional de menos de 90 días,Superiores al equivalente de 5.000 unidades de fomento,939.0
2025-10-01,Operaciones no reajustables en moneda nacional 90 días o más,Inferiores o iguales al equivalente de 50 unidades de fomento,3792.0
2025-10-01,Operaciones no reajustables en moneda nacional 90 días o más,Inferiores o iguales al equivalente de 200 unidades de fomento y superiores al equivalente de 50 unidades de fomento,3092.0
2025-10-01,Operaciones no reajustables en moneda nacional 90 días o más,Inferiores o iguales al equivalente de 5.000 unidades de fomento y superiores al equivalente de 200 unidades de fomento,2538.0
2025-10-01,,Operaciones cuyo mecanismo de pago consista en la deducción de las respectivas cuotas directamente de la pensión del deudor,2392.0
2025-10-01,Operaciones reajustables en moneda nacional,Menores a un año,584.0
2025-10-01,Operaciones reajustables en moneda nacional,De un año o más. Inferiores o iguales al equivalente de 2000 unidades de fomento,666.0
2025-10-01,Operaciones reajustables en moneda nacional,De un año o más. Superiores al equivalente de 2000 unidades de fomento,63.0
2025-10-01,Operaciones en moneda extranjera y expresadas en moneda extranjera,Inferiores o iguales al equivalente de 2.000 unidades de fomento,1407.0
2025-10-01,Operaciones en moneda extranjera y expresadas en moneda extranjera,Superiores al equivalente de 2.000 unidades de fomento,873.0
2025-10-01,Operaciones no reajustables en moneda nacional 90 días o más,Superiores al equivalente de 5.000 unidades de fomento,1008.0
2025-11-01,Operaciones no reajustables en moneda nacional de menos de 90 días,Inferiores o iguales al equivalente de 5.000 unidades de fomento,4899.0
2025-11-01,Operaciones no reajustables en moneda nacional de menos de 90 días,Superiores al equivalente de 5.000 unidades de fomento,918.0
2025-11-01,Operaciones no reajustables en moneda nacional 90 días o más,Inferiores o iguales al equivalente de 50 unidades de fomento,3778.0
2025-11-01,Operaciones no reajustables en moneda nacional 90 días o más,Inferiores o iguales al equivalente de 200 unidades de fomento y superiores al equivalente de 50 unidades de fomento,3078.0
2025-11-01,Operaciones no reajustables en moneda nacional 90 días o más,Inferiores o iguales al equivalente de 5.000 unidades de fomento y superiores al equivalente de 200 unidades de fomento,2517.0
2025-11-01,,Operaciones cuyo mecanismo de pago consista en la deducción de las respectivas cuotas directamente de la pensión del deudor,2378.0
2025-11-01,Operaciones reajustables en moneda nacional,Menores a un año,594.0
2025-11-01,Operaciones reajustables en moneda nacional,De un año o más. Inferiores o iguales al equivalente de 2000 unidades de fomento,666.0
2025-11-01,Operaciones reajustables en moneda nacional,De un año o más. Superiores al equivalente de 2000 unidades de fomento,639.0
2025-11-01,Operaciones en moneda extranjera y expresadas en moneda extranjera,Inferiores o iguales al equivalente de 2.000 unidades de fomento,1446.0
2025-11-01,Operaciones en moneda extranjera y expresadas en moneda extranjera,Superiores al equivalente de 2.000 unidades de fomento,891.0
2025-11-01,Operaciones no reajustables en moneda nacional 90 días o más,Superiores al equivalente de 5.000 unidades de fomento,1005.0
2025-12-01,Operaciones en moneda extranjera y expresadas en moneda extranjera,Superiores al equivalente de 2.000 unidades de fomento,846.0
2025-12-01,,Operaciones cuyo mecanismo de pago consista en la deducción de las respectivas cuotas directamente de la pensión del deudor,2388.0
2025-12-01,Operaciones no reajustables en moneda nacional de menos de 90 días,Inferiores o iguales al equivalente de 5.000 unidades de fomento,4911.0
2025-12-01,Operaciones no reajustables en moneda nacional de menos de 90 días,Superiores al equivalente de 5.000 unidades de fomento,1008.0
2025-12-01,Operaciones no reajustables en moneda nacional 90 días o más,Inferiores o iguales al equivalente de 50 unidades de fomento,3788.0
2025-12-01,Operaciones en moneda extranjera y expresadas en moneda extranjera,Inferiores o iguales al equivalente de 2.000 unidades de fomento,1395.0
2025-12-01,Operaciones no reajustables en moneda nacional 90 días o más,Inferiores o iguales al equivalente de 5.000 unidades de fomento y superiores al equivalente de 200 unidades de fomento,2532.0
2025-12-01,Operaciones no reajustables en moneda nacional 90 días o más,Superiores al equivalente de 5.000 unidades de fomento,1008.0
2025-12-01,Operaciones reajustables en moneda nacional,Menores a un año,69.0
2025-12-01,Operaciones reajustables en moneda nacional,De un año o más. Inferiores o iguales al equivalente de 2000 unidades de fomento,663.0
2025-12-01,Operaciones reajustables en moneda nacional,De un año o más. Superiores al equivalente de 2000 unidades de fomento,636.0
2025-12-01,Operaciones no reajustables en moneda nacional 90 días o más,Inferiores o iguales al equivalente de 200 unidades de fomento y superiores al equivalente de 50 unidades de fomento,3088.0
2026-01-01,Operaciones no reajustables en moneda nacional de menos de 90 días,Inferiores o iguales al equivalente de 5.000 unidades de fomento,4719.0
2026-01-01,Operaciones no reajustables en moneda nacional de menos de 90 días,Superiores al equivalente de 5.000 unidades de fomento,933.0
2026-01-01,Operaciones no reajustables en moneda nacional 90 días o más,Inferiores o iguales al equivalente de 50 unidades de fomento,3804.0
2026-01-01,Operaciones no reajustables en moneda nacional 90 días o más,Inferiores o iguales al equivalente de 200 unidades de fomento y superiores al equivalente de 50 unidades de fomento,3104.0
2026-01-01,Operaciones no reajustables en moneda nacional 90 días o más,Inferiores o iguales al equivalente de 5.000 unidades de fomento y superiores al equivalente de 200 unidades de fomento,2556.0
2026-01-01,,Operaciones cuyo mecanismo de pago consista en la deducción de las respectivas cuotas directamente de la pensión del deudor,2404.0
2026-01-01,Operaciones reajustables en moneda nacional,Menores a un año,693.0
2026-01-01,Operaciones reajustables en moneda nacional,De un año o más. Inferiores o iguales al equivalente de 2000 unidades de fomento,666.0
2026-01-01,Operaciones reajustables en moneda nacional,De un año o más. Superiores al equivalente de 2000 unidades de fomento,645.0
2026-01-01,Operaciones en moneda extranjera y expresadas en moneda extranjera,Inferiores o iguales al equivalente de 2.000 unidades de fomento,147.0
2026-01-01,Operaciones en moneda extranjera y expresadas en moneda extranjera,Superiores al equivalente de 2.000 unidades de fomento,876.0
2026-01-01,Operaciones no reajustables en moneda nacional 90 días o más,Superiores al equivalente de 5.000 unidades de fomento,99.0
2026-02-01,Operaciones no reajustables en moneda nacional de menos de 90 días,Inferiores o iguales al equivalente de 5.000 unidades de fomento,4986.0
2026-02-01,Operaciones no reajustables en moneda nacional de menos de 90 días,Superiores al equivalente de 5.000 unidades de fomento,912.0
2026-02-01,Operaciones no reajustables en moneda nacional 90 días o más,Inferiores o iguales al equivalente de 50 unidades de fomento,402.0
2026-02-01,Operaciones no reajustables en moneda nacional 90 días o más,Inferiores o iguales al equivalente de 200 unidades de fomento y superiores al equivalente de 50 unidades de fomento,332.0
2026-02-01,Operaciones no reajustables en moneda nacional 90 días o más,Inferiores o iguales al equivalente de 5.000 unidades de fomento y superiores al equivalente de 200 unidades de fomento,288.0
2026-02-01,,Operaciones cuyo mecanismo de pago consista en la deducción de las respectivas cuotas directamente de la pensión del deudor,262.0
2026-02-01,Operaciones reajustables en moneda nacional,Menores a un año,72.0
2026-02-01,Operaciones reajustables en moneda nacional,De un año o más. Inferiores o iguales al equivalente de 2000 unidades de fomento,669.0
2026-02-01,Operaciones reajustables en moneda nacional,De un año o más. Superiores al equivalente de 2000 unidades de fomento,672.0
2026-02-01,Operaciones en moneda extranjera y expresadas en moneda extranjera,Inferiores o iguales al equivalente de 2.000 unidades de fomento,1455.0
2026-02-01,Operaciones en moneda extranjera y expresadas en moneda extranjera,Superiores al equivalente de 2.000 unidades de fomento,84.0
2026-02-01,Operaciones no reajustables en moneda nacional 90 días o más,Superiores al equivalente de 5.000 unidades de fomento,996.0
2026-03-01,Operaciones no reajustables en moneda nacional de menos de 90 días,Inferiores o iguales al equivalente de 5.000 unidades de fomento,4902.0
2026-03-01,Operaciones no reajustables en moneda nacional de menos de 90 días,Superiores al equivalente de 5.000 unidades de fomento,87.0
2026-03-01,Operaciones no reajustables en moneda nacional 90 días o más,Inferiores o iguales al equivalente de 50 unidades de fomento,409.0
2026-03-01,Operaciones no reajustables en moneda nacional 90 días o más,Inferiores o iguales al equivalente de 200 unidades de fomento y superiores al equivalente de 50 unidades de fomento,339.0
2026-03-01,Operaciones no reajustables en moneda nacional 90 días o más,Inferiores o iguales al equivalente de 5.000 unidades de fomento y superiores al equivalente de 200 unidades de fomento,2985.0
2026-03-01,,Operaciones cuyo mecanismo de pago consista en la deducción de las respectivas cuotas directamente de la pensión del deudor,269.0
2026-03-01,Operaciones reajustables en moneda nacional,Menores a un año,696.0
2026-03-01,Operaciones reajustables en moneda nacional,De un año o más. Inferiores o iguales al equivalente de 2000 unidades de fomento,657.0
2026-03-01,Operaciones reajustables en moneda nacional,De un año o más. Superiores al equivalente de 2000 unidades de fomento,636.0
2026-03-01,Operaciones en moneda extranjera y expresadas en moneda extranjera,Inferiores o iguales al equivalente de 2.000 unidades de fomento,1494.0
2026-03-01,Operaciones en moneda extranjera y expresadas en moneda extranjera,Superiores al equivalente de 2.000 unidades de fomento,831.0
2026-03-01,Operaciones no reajustables en moneda nacional 90 días o más,Superiores al equivalente de 5.000 unidades de fomento,1005.0
2026-04-01,Operaciones no reajustables en moneda nacional 90 días o más,Inferiores o iguales al equivalente de 50 unidades de fomento,406.0
2026-04-01,Operaciones no reajustables en moneda nacional 90 días o más,Inferiores o iguales al equivalente de 200 unidades de fomento y superiores al equivalente de 50 unidades de fomento,336.0
2026-04-01,Operaciones no reajustables en moneda nacional 90 días o más,Inferiores o iguales al equivalente de 5.000 unidades de fomento y superiores al equivalente de 200 unidades de fomento,294.0
2026-04-01,Operaciones no reajustables en moneda nacional 90 días o más,Superiores al equivalente de 5.000 unidades de fomento,999.0
2026-04-01,Operaciones reajustables en moneda nacional,Menores a un año,569.0
2026-04-01,Operaciones no reajustables en moneda nacional de menos de 90 días,Superiores al equivalente de 5.000 unidades de fomento,843.0
2026-04-01,Operaciones reajustables en moneda nacional,De un año o más. Superiores al equivalente de 2000 unidades de fomento,583.0
2026-04-01,Operaciones en moneda extranjera y expresadas en moneda extranjera,Inferiores o iguales al equivalente de 2.000 unidades de fomento,1386.0
2026-04-01,Operaciones en moneda extranjera y expresadas en moneda extranjera,Superiores al equivalente de 2.000 unidades de fomento,843.0
2026-04-01,,Operaciones cuyo mecanismo de pago consista en la deducción de las respectivas cuotas directamente de la pensión del deudor,266.0
2026-04-01,Operaciones no reajustables en moneda nacional de menos de 90 días,Inferiores o iguales al equivalente de 5.000 unidades de fomento,5133.0
2026-04-01,Operaciones reajustables en moneda nacional,De un año o más. Inferiores o iguales al equivalente de 2000 unidades de fomento,639.0
2026-05-01,Operaciones no reajustables en moneda nacional de menos de 90 días,Inferiores o iguales al equivalente de 5.000 unidades de fomento,5262.0
2026-05-01,Operaciones no reajustables en moneda nacional de menos de 90 días,Superiores al equivalente de 5.000 unidades de fomento,879.0
2026-05-01,Operaciones no reajustables en moneda nacional 90 días o más,Inferiores o iguales al equivalente de 50 unidades de fomento,4128.0
2026-05-01,Operaciones no reajustables en moneda nacional 90 días o más,Inferiores o iguales al equivalente de 200 unidades de fomento y superiores al equivalente de 50 unidades de fomento,3428.0
2026-05-01,Operaciones no reajustables en moneda nacional 90 días o más,Inferiores o iguales al equivalente de 5.000 unidades de fomento y superiores al equivalente de 200 unidades de fomento,3042.0
2026-05-01,,Operaciones cuyo mecanismo de pago consista en la deducción de las respectivas cuotas directamente de la pensión del deudor,2728.0
2026-05-01,Operaciones reajustables en moneda nacional,Menores a un año,487.0
2026-05-01,Operaciones reajustables en moneda nacional,De un año o más. Inferiores o iguales al equivalente de 2000 unidades de fomento,639.0
2026-05-01,Operaciones reajustables en moneda nacional,De un año o más. Superiores al equivalente de 2000 unidades de fomento,559.0
2026-05-01,Operaciones en moneda extranjera y expresadas en moneda extranjera,Inferiores o iguales al equivalente de 2.000 unidades de fomento,147.0
2026-05-01,Operaciones en moneda extranjera y expresadas en moneda extranjera,Superiores al equivalente de 2.000 unidades de fomento,876.0
2026-05-01,Operaciones no reajustables en moneda nacional 90 días o más,Superiores al equivalente de 5.000 unidades de fomento,984.0
2026-06-01,Operaciones no reajustables en moneda nacional de menos de 90 días,Inferiores o iguales al equivalente de 5.000 unidades de fomento,5259.0
2026-06-01,Operaciones no reajustables en moneda nacional de menos de 90 días,Superiores al equivalente de 5.000 unidades de fomento,831.0
2026-06-01,Operaciones no reajustables en moneda nacional 90 días o más,Inferiores o iguales al equivalente de 50 unidades de fomento,4142.0
2026-06-01,Operaciones no reajustables en moneda nacional 90 días o más,Inferiores o iguales al equivalente de 200 unidades de fomento y superiores al equivalente de 50 unidades de fomento,3442.0
2026-06-01,Operaciones no reajustables en moneda nacional 90 días o más,Inferiores o iguales al equivalente de 5.000 unidades de fomento y superiores al equivalente de 200 unidades de fomento,3063.0
2026-06-01,,Operaciones cuyo mecanismo de pago consista en la deducción de las respectivas cuotas directamente de la pensión del deudor,2742.0
2026-06-01,Operaciones reajustables en moneda nacional,Menores a un año,486.0
2026-06-01,Operaciones reajustables en moneda nacional,De un año o más. Inferiores o iguales al equivalente de 2000 unidades de fomento,63.0
2026-06-01,Operaciones reajustables en moneda nacional,De un año o más. Superiores al equivalente de 2000 unidades de fomento,544.0
2026-06-01,Operaciones en moneda extranjera y expresadas en moneda extranjera,Inferiores o iguales al equivalente de 2.000 unidades de fomento,1482.0
2026-06-01,Operaciones en moneda extranjera y expresadas en moneda extranjera,Superiores al equivalente de 2.000 unidades de fomento,837.0
2026-06-01,Operaciones no reajustables en moneda nacional 90 días o más,Superiores al equivalente de 5.000 unidades de fomento,1014.0
2026-07-01,Operaciones reajustables en moneda nacional,De un año o más. Inferiores o iguales al equivalente de 2000 unidades de fomento,639.0
2026-07-01,Operaciones reajustables en moneda nacional,De un año o más. Superiores al equivalente de 2000 unidades de fomento,595.0
2026-07-01,Operaciones en moneda extranjera y expresadas en moneda extranjera,Inferiores o iguales al equivalente de 2.000 unidades de fomento,1491.0
2026-07-01,Operaciones en moneda extranjera y expresadas en moneda extranjera,Superiores al equivalente de 2.000 unidades de fomento,858.0
2026-07-01,,Operaciones cuyo mecanismo de pago consista en la deducción de las respectivas cuotas directamente de la pensión del deudor,2746.0
2026-07-01,Operaciones reajustables en moneda nacional,Menores a un año,66.0
2026-07-01,Operaciones no reajustables en moneda nacional de menos de 90 días,Superiores al equivalente de 5.000 unidades de fomento,81.0
2026-07-01,Operaciones no reajustables en moneda nacional 90 días o más,Inferiores o iguales al equivalente de 50 unidades de fomento,4146.0
2026-07-01,Operaciones no reajustables en moneda nacional 90 días o más,Inferiores o iguales al equivalente de 200 unidades de fomento y superiores al equivalente de 50 unidades de fomento,3446.0
2026-07-01,Operaciones no reajustables en moneda nacional 90 días o más,Inferiores o iguales al equivalente de 5.000 unidades de fomento y superiores al equivalente de 200 unidades de fomento,3069.0
2026-07-01,Operaciones no reajustables en moneda nacional 90 días o más,Superiores al equivalente de 5.000 unidades de fomento,1011.0
2026-07-01,Operaciones no reajustables en moneda nacional de menos de 90 días,Inferiores o iguales al equivalente de 5.000 unidades de fomento,5298.0
